run_id,knn_k,num_clusters,selection_score,AUROC_mean,AUROC_std,AUPRC_mean,AUPRC_std,num_trials
k16__C16,16,16,1.0030189126575706,0.7382248898726417,0.003495445143899419,0.264794022784929,0.0013503211408098675,3
k16__C20,16,20,1.002935375257169,0.7382885187390764,0.00353172758883466,0.2646468565180926,0.00224132015143323,3
k16__C24,16,24,1.003806613454002,0.738157461689735,0.0027473835070948773,0.2656491517642671,0.0020674413603442945,3
k16__C28,16,28,1.001968239166067,0.7369690252110689,0.0018747124854289453,0.2649992139549981,0.0017823030758212107,3
k16__C32,16,32,1.0083817675551283,0.7405415088451552,0.0009065590243142358,0.2678402587099732,0.0020627897130275634,3
k16__C36,16,36,1.0071696104304466,0.7411005729370469,0.0038313317962757588,0.2660690374933998,0.00200271075500991,3
k16__C40,16,40,1.0049485752122806,0.7391716363288564,0.0019085793175400894,0.2657769388834243,0.0018464633473929302,3
k16__C48,16,48,1.0030528329149246,0.7376607818633568,0.0019895940255730115,0.26539205105156777,0.003703957799873696,3
k24__C16,24,16,1.0074704802260266,0.7417247487505524,0.0031070651818032747,0.2657457314754743,0.001857919003036574,3
k24__C20,24,20,1.0038238124094536,0.7384948443383116,0.004805485021601629,0.265328968071142,0.003924475683077263,3
k24__C24,24,24,1.0033014075081996,0.738852949419205,0.003776411272430461,0.26444845808899453,0.0047753689415202085,3
k24__C28,24,28,1.0060222353754449,0.7390218081312453,0.0010328562969668434,0.2670004272441996,0.0035374673182374927,3
k24__C32,24,32,1.0065070386995698,0.7386162544465787,0.0029362093477454825,0.267890784252991,0.003163716798082574,3
k24__C36,24,36,1.0088935004164417,0.7424420258104328,0.002191421008836134,0.2664514746060089,0.0030873343253062803,3
k24__C40,24,40,1.0068633713775916,0.7396572266370268,0.0025214873425378074,0.2672061447405648,0.003320247262570737,3
k24__C48,24,48,1.0062430689878386,0.7396380594500597,0.0017712627114297383,0.26660500953777894,0.00356279054234526,3
k30__C16,30,16,1.010310680568766,0.7437809425698155,0.001102630610943142,0.26652973799895047,0.0007539576935946665,3
k30__C20,30,20,1.0066343890292848,0.7411002825379814,0.00292839224816363,0.26553410649130343,0.003882780699413157,3
k30__C24,30,24,1.0068565886741987,0.7410066856627906,0.004400368099717087,0.2658499030114082,0.0035527892471086692,3
k30__C28,30,28,1.0056278964696606,0.7396811767588062,0.0016224495264003235,0.26594671971085443,0.0019674977194993055,3
k30__C32,30,32,1.0089818722429769,0.7406106624195604,0.002882179461620654,0.26837120982341656,0.0028050168953590205,3
k30__C36,30,36,1.0104233165974124,0.7423434782598943,0.0029037770300698253,0.2680798383375181,0.0032381343496512695,3
k30__C40,30,40,1.0086250510373458,0.7411478596757886,0.003136048914551798,0.2674771913615573,0.0037061035500200365,3
k30__C48,30,48,1.0081744924811307,0.7408722820479093,0.0011059796660430178,0.2673022104332213,0.003505873110603086,3
k36__C16,36,16,1.0127948940781217,0.7455472700590101,0.0016561863732962494,0.26724762401911156,0.000879176262515916,3
k36__C20,36,20,1.0072131850872184,0.7411089548606004,0.0033817906103291435,0.26610423022661805,0.004945903461633093,3
k36__C24,36,24,1.00968958583966,0.7427402567630303,0.004133996137594778,0.26694932907662966,0.0024963439528177898,3
k36__C28,36,28,1.0069614257366426,0.7409876647386291,0.0012797778264617408,0.2659737609980135,0.0015133789651815158,3
k36__C32,36,32,1.011679396344835,0.7422649908550861,0.003457320685497618,0.26941440548974877,0.0023817200053379856,3
k36__C36,36,36,1.0135906784781918,0.7442881124766232,0.0021009187140124605,0.2693025660015687,0.0034774865582573493,3
k36__C40,36,40,1.0110599832899219,0.7434193379419144,0.0024410630103036206,0.2676406453480074,0.0017895051951754095,3
k36__C48,36,48,1.0104906786101584,0.7424064397157357,0.0008240623415681136,0.26808423889442273,0.003950470812085774,3
k48__C16,48,16,1.0129692862955615,0.7457849049121149,0.0025387637368392314,0.26718438138344663,0.000497587754165103,3
k48__C20,48,20,1.0102262845070107,0.7428780597118593,0.003221117346073178,0.2673482247951515,0.004353766559845744,3
k48__C24,48,24,1.0119449039067498,0.7439235854595515,0.004796485092234185,0.2680213184471984,0.0026465000630860884,3
k48__C28,48,28,1.0116553240563348,0.7439731158460853,0.0037753271994776963,0.26768220821024963,0.0030019486333000035,3
k48__C32,48,32,1.0131348578163055,0.7434014796048346,0.002918088520787671,0.26973337821147086,0.0030114809751111103,3
k48__C36,48,36,1.014799783471046,0.7455782592203617,0.0019387708613444125,0.2692215242506843,0.0041772791003276905,3
k48__C40,48,40,1.0139795576641872,0.744793013363684,0.002741560081945981,0.26918654430050315,0.003838188451561148,3
k48__C48,48,48,1.0121543912205093,0.7437256635287034,0.0018876279504411939,0.26842872769180587,0.0037505511105363994,3
k64__C16,64,16,1.0138659353781945,0.7461869341883519,0.002889997278757582,0.26767900118984267,0.0008238887393113896,3
k64__C20,64,20,1.0118347224571964,0.7429816778739236,0.0033895196337890066,0.26885304458327286,0.003101106588664311,3
k64__C24,64,24,1.0110164395492254,0.7436552801656303,0.006189501849299304,0.267361159383595,0.0028086796591121244,3
k64__C28,64,28,1.009940446658219,0.7429639208219715,0.0027811992685322687,0.2669765258362475,0.003606954286605331,3
k64__C32,64,32,1.014265497939972,0.7441722446711494,0.0033758319936583077,0.27009325326882244,0.0025875498935670994,3
k64__C36,64,36,1.0160194032810577,0.7459811574649526,0.0018566770472021813,0.2700382458161051,0.003872033390769528,3
k64__C40,64,40,1.0143143519393298,0.7453948381469365,0.003048890898187968,0.2689195137923934,0.003669037332540882,3
k64__C48,64,48,1.0133196946151655,0.744746934674446,0.0016532459892003592,0.2685727599407195,0.0034894628537074875,3
k80__C16,80,16,1.0147454747006863,0.7468050189679906,0.003084908785948064,0.2679404557326958,0.00106237273064918,3
k80__C20,80,20,1.0117452779375613,0.744570852982409,0.005575318200535747,0.26717442495515226,0.0023499701917809824,3
k80__C24,80,24,1.00971968274562,0.7406567196097121,0.0013678171114969095,0.269062963135908,0.004326450740701841,3
k80__C28,80,28,1.0106278953302676,0.7426404007871414,0.0035992705052956733,0.26798749454312626,0.004264069503799314,3
k80__C32,80,32,1.0128695293501582,0.7433762542366096,0.0037095762342975462,0.26949327511354865,0.004424302722660882,3
k80__C36,80,36,1.0169575059227831,0.746713043614593,0.002009569119654904,0.27024446230819016,0.004188680822106083,3
k80__C40,80,40,1.0159652194953452,0.7464827949350837,0.002218610589658938,0.26948242456026145,0.003539582987470544,3
k80__C48,80,48,1.013679182117575,0.7450995797069769,0.0014465717116671421,0.26857960241059814,0.0032214428550300434,3
k96__C16,96,16,1.0148655913109665,0.7473481678732811,0.0035296763952178873,0.26751742343768553,0.001127998306156745,3
k96__C20,96,20,1.011191236804584,0.7435398806108133,0.006454292319118295,0.2676513561937705,0.0020528811141294987,3
k96__C24,96,24,1.0111353443066284,0.7434796448473505,0.006166063390422282,0.26765569945927803,0.0031365049075892477,3
k96__C28,96,28,1.0124975465874222,0.7438577418854394,0.004176454416899447,0.2686398047019829,0.005110622463174801,3
k96__C32,96,32,1.0133594086638338,0.7435869323659493,0.0039144309012272074,0.2697724762978845,0.004790356767547201,3
k96__C36,96,36,1.0172367343934696,0.7468168548873223,0.0021213540949162587,0.2704198795061474,0.0038910208381420404,3
k96__C40,96,40,1.0161871306958583,0.7473435277375531,0.001520317882394272,0.26884360295830523,0.0028982917453651757,3
k96__C48,96,48,1.0141266435642242,0.7452864568013512,0.0015013234629762393,0.26884018676287297,0.003145312370492731,3
