trial,dataset,community,hard_size,hard_share,soft_mass,soft_share,hard_anomaly_rate,soft_anomaly_rate,anomaly_lift,risk_tier,mean_total_score,mean_adhesion_score,mean_context_score,mean_context_raw,mean_assignment_prob_hard,prototype_norm,top_nodes_by_score
0,weibo,8,6882,0.8187983343248066,1282.0225830078125,0.15253094384388013,0.08660273253917694,0.2366125272879741,2.2911615740324422,high-risk,-0.018005529418587685,-0.015729621052742004,-0.1137954443693161,0.013610579073429108,0.18318906426429749,2.7983036041259766,2109;1454;3947;3706;6817
0,weibo,32,143,0.017013682331945272,219.53195190429688,0.026119209030850313,0.35664334893226624,0.21575296215666706,2.0891746605428163,high-risk,0.3970106840133667,0.3849432170391083,0.6033754348754883,0.06743890047073364,0.3321593999862671,4.308391094207764,5245;2303;5731;3734;2925
0,weibo,0,87,0.010350981558596074,215.33543395996094,0.025619920756687797,0.37931033968925476,0.0962760113700251,0.9322578997841727,baseline-risk,0.023037822917103767,0.004611753858625889,0.9213033318519592,0.09130143374204636,0.1822168380022049,0.6083880662918091,8025;2230;783;5362;515
0,weibo,20,167,0.019869125520523497,257.1694030761719,0.030597192513524316,0.20958083868026733,0.09526116634246971,0.9224309732161516,baseline-risk,-0.053784217685461044,-0.06362650543451309,0.4921145439147949,0.05908804014325142,0.11007548868656158,0.48947668075561523,3230;7319;8093;5041;4103
0,weibo,27,16,0.0019036287923854848,193.2755126953125,0.022995301926866447,0.5625,0.08958071060186941,0.8674261006296067,baseline-risk,1.5550464391708374,1.4896132946014404,3.27165150642395,0.26771026849746704,0.3331120014190674,0.9634002447128296,6598;965;7354;3886;7589
0,weibo,29,12,0.0014277215942891136,205.52647399902344,0.024452882093875482,0.1666666716337204,0.0894095708369109,0.8657689235656693,baseline-risk,2.352625608444214,2.215951919555664,6.833690643310547,0.5350643396377563,0.6454771161079407,1.4574159383773804,480;1073;1097;7145;2373
0,weibo,14,63,0.007495538370017847,196.68881225585938,0.02340140538439731,0.2222222238779068,0.08317092594688649,0.8053590052494625,baseline-risk,-0.07431988418102264,-0.07650511711835861,0.10926169902086258,0.030352462083101273,0.04786084592342377,0.28516682982444763,7646;1978;4688;6010;4962
0,weibo,22,5,0.000594883997620464,198.23345947265625,0.023585182566645598,0.20000000298023224,0.07960477948888002,0.7708273689679561,low-risk,-0.0026794583536684513,-0.022965900599956512,1.01432204246521,0.09828309714794159,0.09249305725097656,0.3329697847366333,1022;7076;8302;3078;6126
0,weibo,11,31,0.003688280785246877,195.40135192871094,0.023248227475158947,0.32258063554763794,0.07704521933647862,0.7460426885673729,low-risk,-0.09534008800983429,-0.0933765321969986,-0.098178431391716,0.014782737009227276,0.03802444785833359,0.27932366728782654,7202;3619;3433;5965;1766
0,weibo,9,0,0.0,190.81707763671875,0.022702805191757137,nan,0.07637802301695877,0.7395821068427237,low-risk,nan,nan,nan,nan,nan,0.29449307918548584,
0,weibo,21,3,0.0003569303985722784,191.07762145996094,0.022733803861982264,0.0,0.07615749378935084,0.7374466827464695,low-risk,-0.08342189341783524,-0.08859095722436905,0.2584529221057892,0.041550230234861374,0.04367681220173836,0.2869589328765869,1502;6020;1141
0,weibo,23,24,0.0028554431885782273,212.3206329345703,0.025261229379484867,0.125,0.0751961540609259,0.7281378575942099,low-risk,-0.09564950317144394,-0.0956852063536644,0.001784851192496717,0.02228562720119953,0.0337451808154583,0.360103964805603,2506;1998;4595;4281;337
0,weibo,28,146,0.01737061273051755,213.2811279296875,0.02537550599996282,0.0,0.0751251554718026,0.7274503655113759,low-risk,-0.04237241670489311,-0.04179414361715317,-0.028913909569382668,0.019981486722826958,0.08142542093992233,0.7535081505775452,684;5055;883;217;7355
0,weibo,24,36,0.004283164782867341,194.12466430664062,0.023096331267892994,0.2222222238779068,0.07466338279544249,0.722978937797294,low-risk,-0.08348008990287781,-0.08552472293376923,0.1022319421172142,0.02982483059167862,0.04611442983150482,0.2883041203022003,6038;7735;6646;7130;3232
0,weibo,17,48,0.005710886377156455,191.8363494873047,0.022824074894384854,0.2708333432674408,0.07421758702805822,0.7186622173607043,low-risk,-0.09807497262954712,-0.09429043531417847,-0.18922686576843262,0.007948962040245533,0.03681902214884758,0.2788829207420349,3038;1602;7316;5504;3082
0,weibo,10,20,0.002379535990481856,189.81532287597656,0.02258361961641601,0.75,0.07395669007608208,0.7161359053433257,low-risk,-0.09734936058521271,-0.0957682654261589,-0.07905450463294983,0.016218110918998718,0.03371655195951462,0.2935197949409485,2364;7311;3119;7437;2971
0,weibo,30,58,0.006900654372397383,208.4838409423828,0.02480474014781473,0.03448275849223137,0.07352467193523957,0.7119525961376444,low-risk,-0.07960393279790878,-0.07915276288986206,-0.022557677701115608,0.020458562299609184,0.04417867958545685,0.3370455205440521,1896;5868;7114;803;2630
0,weibo,4,38,0.004521118381915526,189.92413330078125,0.02259656553251413,0.0,0.07351843097607173,0.7118921638097608,low-risk,-0.09645621478557587,-0.09234952181577682,-0.2053343504667282,0.006739992648363113,0.0401279591023922,0.31259700655937195,6565;5376;4044;3808;3368
0,weibo,2,14,0.0016656751933372992,184.7788848876953,0.021984400343568748,0.1428571492433548,0.073236688910653,0.7091640048171886,low-risk,0.05044475942850113,0.0428578145802021,0.3793470859527588,0.05062411352992058,0.07221163809299469,0.2857894003391266,5439;561;77;4789;2602
0,weibo,16,11,0.0013087447947650209,185.1803741455078,0.022032168250506582,0.27272728085517883,0.07286504237282898,0.7055652846803284,low-risk,0.03617174178361893,0.02079496532678604,0.7688396573066711,0.07985806465148926,0.08171895146369934,0.262464702129364,2676;3779;5370;1313;1277
0,weibo,18,22,0.0026174895895300417,221.6324005126953,0.026369113683842392,0.0,0.0718373733281854,0.6956141808529122,low-risk,-0.09800589084625244,-0.09391770511865616,-0.2044084519147873,0.0068094851449131966,0.04130270332098007,0.34916189312934875,1072;1957;3969;3997;1687
0,weibo,3,1,0.0001189767995240928,198.11553955078125,0.02357115283174078,0.0,0.07168088511399058,0.6940988773849949,low-risk,0.15454944968223572,0.11572325974702835,1.9413093328475952,0.1678594946861267,0.11386888474225998,0.2994702458381653,5463
0,weibo,25,7,0.0008328375966686496,187.79376220703125,0.022343100797981113,0.0,0.07128979361758313,0.6903118682237722,low-risk,0.8560263514518738,0.8114098906517029,2.230822801589966,0.18958933651447296,0.23097574710845947,0.36117827892303467,4013;2319;5294;4402;3251
0,weibo,33,2,0.0002379535990481856,185.68356323242188,0.022092036077623067,0.0,0.07079984617430171,0.6855676191841785,low-risk,-0.09227237105369568,-0.09020525217056274,-0.10335585474967957,0.014394138008356094,0.03872440382838249,0.2826787233352661,3978;3430
0,weibo,6,4,0.0004759071980963712,196.51539611816406,0.02338077288734849,0.0,0.07075845665961945,0.6851668370840304,low-risk,-0.09698645770549774,-0.09405362606048584,-0.14664208889007568,0.01114522572606802,0.034689221531152725,0.28985148668289185,1728;5503;4821;1117
0,weibo,1,87,0.010350981558596074,208.76931762695312,0.024838705250083654,0.3218390941619873,0.07070281242937754,0.6846280240143752,low-risk,0.007107258308678865,0.0016968937125056982,0.2705179750919342,0.04245579242706299,0.06101823225617409,0.4212726056575775,6637;4016;4939;444;1575
0,weibo,34,27,0.0032123735871505054,197.89752197265625,0.02354521379805547,0.18518517911434174,0.07067883952670741,0.6843958900946484,low-risk,-0.09473861008882523,-0.09341953694820404,-0.06595345586538315,0.017201431095600128,0.04321194067597389,0.2963741719722748,1699;3559;8051;1800;2446
0,weibo,26,9,0.0010707911957168353,191.35873413085938,0.02276724974787143,0.3333333432674408,0.07065605057982731,0.6841752206313583,low-risk,-0.08768139034509659,-0.08882433921098709,0.05714718624949455,0.026440929621458054,0.04294070228934288,0.28807705640792847,3959;6079;2363;7595;1523
0,weibo,13,10,0.001189767995240928,182.98643493652344,0.0217711403850712,0.20000000298023224,0.06977024103732682,0.6755977678271866,low-risk,0.0031361952424049377,-0.008777428418397903,0.5956813097000122,0.06686139851808548,0.06627373397350311,0.2847829759120941,3112;5276;6577;1834;2973
0,weibo,31,44,0.0052349791790600834,202.38601684570312,0.02407924055273089,0.20454545319080353,0.06898737227575583,0.6680171090827797,low-risk,0.4249080419540405,0.4048253297805786,1.0041370391845703,0.09751866012811661,0.1730189472436905,0.750989556312561,7295;5577;5618;3572;3036
0,weibo,12,31,0.003688280785246877,203.3599090576172,0.024195111131185863,0.032258063554763794,0.06888410446059509,0.6670171482918508,low-risk,0.16384048759937286,0.1629829853773117,0.04287642613053322,0.025369815528392792,0.06203591451048851,0.3824309706687927,7979;7035;5852;3157;2455
0,weibo,5,2,0.0002379535990481856,212.97535705566406,0.025339126359983827,0.0,0.06868033591082194,0.6650440208476375,low-risk,-0.09921018779277802,-0.09474846720695496,-0.22308588027954102,0.005407624877989292,0.03149129077792168,0.34757089614868164,7483;8125
0,weibo,35,15,0.001784651992861392,196.67413330078125,0.023399658929301754,0.06666667014360428,0.06837486180344085,0.6620860602328067,low-risk,-0.050714362412691116,-0.05617198720574379,0.272881418466568,0.04263317957520485,0.07295981049537659,0.32405009865760803,3994;1692;5434;3378;889
0,weibo,15,106,0.012611540749553837,232.00486755371094,0.027603196615551568,0.028301887214183807,0.06757140562267486,0.6543060498128619,low-risk,0.12383488565683365,0.10284685343503952,1.049400806427002,0.10091599076986313,0.5097125172615051,3.3487281799316406,5984;5523;2017;4196;6427
0,weibo,7,208,0.024747174301011303,259.5567321777344,0.03088122928943895,0.09134615212678909,0.067514999445042,0.6537598586698495,low-risk,0.02828146331012249,0.014184612780809402,0.7048428654670715,0.07505469024181366,0.2771461308002472,3.2153453826904297,6115;1811;3425;7485;1938
0,weibo,19,26,0.003093396787626413,212.4654083251953,0.025278454292111282,0.0,0.06652497882268112,0.6441733112733449,low-risk,0.44933605194091797,0.411263644695282,1.9036228656768799,0.16503089666366577,0.4122268557548523,1.2400637865066528,4838;3508;4041;7843;2599
1,weibo,21,7250,0.8625817965496728,1597.84326171875,0.19010627742043426,0.09255172312259674,0.22659067436126606,2.1941181732055193,high-risk,-0.012304158881306648,-0.010953295044600964,-0.06754326820373535,0.017838964238762856,0.2185620665550232,2.9712343215942383,6817;7295;2696;1454;2109
1,weibo,17,87,0.010350981558596074,200.10801696777344,0.02380821141793854,0.39080458879470825,0.12364663521184348,1.1972925635124687,baseline-risk,0.07445988804101944,0.055952198803424835,0.9253845810890198,0.0848427414894104,0.1706121861934662,0.9799214601516724,953;1409;8025;783;515
1,weibo,7,24,0.0028554431885782273,206.37600708007812,0.024553956820949213,0.5833333134651184,0.11592156285314013,1.122489301201087,baseline-risk,0.9165038466453552,0.8930954933166504,1.1704201698303223,0.10137798637151718,0.667657196521759,2.1012156009674072,2303;3734;4045;1041;5359
1,weibo,24,44,0.0052349791790600834,187.6804656982422,0.022329621141968136,0.8409090638160706,0.0937802570164977,0.9080910623873228,baseline-risk,0.841264545917511,0.8312090039253235,0.5027720928192139,0.05632442608475685,0.09151041507720947,1.1607487201690674,5731;2925;4114;3965;3875
1,weibo,26,25,0.00297441998810232,191.41734313964844,0.022774222860160433,0.6399999856948853,0.0884693299780808,0.8566644025549752,baseline-risk,0.6021689772605896,0.5984057784080505,0.1881634145975113,0.035094309598207474,0.10172563791275024,0.9237721562385559,5588;6826;6056;3536;3941
1,weibo,14,15,0.001784651992861392,188.02120971679688,0.02237016177475275,0.13333334028720856,0.08680012072575363,0.8405011497391307,baseline-risk,0.46856915950775146,0.46451133489608765,0.20288974046707153,0.03608805686235428,0.05320896580815315,0.8003910779953003,5245;1288;4624;4989;7691
1,weibo,27,74,0.008804283164782867,189.6019744873047,0.02255823610794821,0.12162162363529205,0.07994119991337342,0.7740849883262958,low-risk,0.033932123333215714,0.027125222608447075,0.34034523367881775,0.04536368325352669,0.061319008469581604,0.591880202293396,6598;2373;7646;561;1492
1,weibo,15,10,0.001189767995240928,192.32090759277344,0.022881726066956983,0.10000000149011612,0.07679519799516722,0.7436216870402494,low-risk,-0.08572752773761749,-0.08165062963962555,-0.2038452923297882,0.008641170337796211,0.03648696094751358,0.4348882734775543,7340;4111;4082;3365;3319
1,weibo,6,0,0.0,188.75096130371094,0.022456985283011415,nan,0.07567426260075287,0.7327674684065534,low-risk,nan,nan,nan,nan,nan,0.3815630078315735,
1,weibo,28,3,0.0003569303985722784,187.72279357910156,0.022334657177763423,0.6666666865348816,0.07566460999963341,0.7326740005372573,low-risk,-0.061859339475631714,-0.09110316634178162,1.4621915817260742,0.12106699496507645,0.044561173766851425,0.2937717139720917,990;1381;4756
1,weibo,9,18,0.0021415823914336706,188.09048461914062,0.022378403880920956,0.3888888955116272,0.07439476327171499,0.7203778467314338,low-risk,-0.09628265351057053,-0.09336286038160324,-0.14598950743675232,0.012545333243906498,0.04205293208360672,0.30749741196632385,5646;1470;5630;4381;820
1,weibo,11,6,0.0007138607971445568,189.39366149902344,0.022533451695303203,0.0,0.07399531054147672,0.7165098742421734,low-risk,1.132230281829834,1.089841365814209,2.1194465160369873,0.16541922092437744,0.14949548244476318,0.33633413910865784,5664;4710;5025;1098;1488
1,weibo,18,7,0.0008328375966686496,187.74942016601562,0.022337825123856708,0.2857142984867096,0.07398389170267233,0.7163993035763319,low-risk,-0.1016223207116127,-0.10122053325176239,-0.020089397206902504,0.021041199564933777,0.034727685153484344,0.30940017104148865,3553;7323;4402;3445;2353
1,weibo,34,7,0.0008328375966686496,188.8731689453125,0.022471525157086555,0.8571428656578064,0.07311291021140073,0.707965433453867,low-risk,-0.08199315518140793,-0.08064130693674088,-0.06759228557348251,0.01783565618097782,0.048731300979852676,0.2823634147644043,6696;7303;1770;6497;1129
1,weibo,12,28,0.0033313503866745984,190.1544189453125,0.0226239641814768,0.0714285746216774,0.07265373484588299,0.7035191559668929,low-risk,-0.10720568895339966,-0.10163376480340958,-0.2785966396331787,0.003596871392801404,0.03805571049451828,0.3163110613822937,3082;821;6515;6517;3955
1,weibo,8,14,0.0016656751933372992,191.5985870361328,0.02279578667889742,0.5,0.0722501929057665,0.6996115869243623,low-risk,-0.09030484408140182,-0.08712083846330643,-0.15920056402683258,0.011653839610517025,0.050926126539707184,0.30269861221313477,3960;7130;3619;1648;6646
1,weibo,29,1,0.0001189767995240928,183.6945343017578,0.021855387781291827,0.0,0.07210328130701718,0.6981890155428206,low-risk,-0.10973183810710907,-0.10322675108909607,-0.3252542316913605,0.00044837078894488513,0.03063998743891716,0.28199106454849243,4413
1,weibo,35,2,0.0002379535990481856,186.69403076171875,0.022212258270281827,1.0,0.07196347731534104,0.6968352683963948,low-risk,-0.07755181193351746,-0.07569395750761032,-0.09289276599884033,0.016128355637192726,0.03919001296162605,0.2703709006309509,527;433
1,weibo,10,51,0.006067816775728733,186.9653778076172,0.02224454227336314,0.0,0.07075692505006945,0.6851520062338314,low-risk,-0.08343928307294846,-0.08216887712478638,-0.06351997703313828,0.01811046153306961,0.039795488119125366,0.2903774082660675,2676;5135;6010;4962;4354
1,weibo,33,8,0.0009518143961927424,188.1813507080078,0.022389214837359644,0.375,0.07056829510758227,0.6833254686413709,low-risk,-0.029211338609457016,-0.041239526122808456,0.6014093160629272,0.06298055499792099,0.05421609431505203,0.2794743478298187,7730;6859;250;7310;7453
1,weibo,19,141,0.016775728732897083,204.2720489501953,0.02430363461632306,0.06382978707551956,0.07020609187471413,0.679818189721486,low-risk,0.07716996967792511,0.05983548238873482,0.8667246103286743,0.08088430762290955,0.16510722041130066,1.7021162509918213,7287;4838;3508;4041;7843
1,weibo,3,45,0.005353955978584176,189.00982666015625,0.02248778425462894,0.06666667014360428,0.06957585773599194,0.6737155194282674,low-risk,-0.10396116226911545,-0.10146287083625793,-0.12491366267204285,0.013967554084956646,0.03261995688080788,0.27677440643310547,6445;3849;6053;7609;7521
1,weibo,23,29,0.0034503271861986914,188.3226318359375,0.022406024013793872,0.2068965584039688,0.06939395365920237,0.6719541096006597,low-risk,-0.10688330233097076,-0.10229448974132538,-0.2294405698776245,0.006913971621543169,0.03250524401664734,0.2725081741809845,3978;6140;6338;5013;8086
1,weibo,30,8,0.0009518143961927424,186.99685668945312,0.022248287529976575,0.625,0.06922715924868308,0.670339009383755,low-risk,-0.0921209454536438,-0.0999438688158989,0.39114663004875183,0.04879182204604149,0.04149855673313141,0.26867935061454773,2364;5965;1800;3045;168
1,weibo,31,8,0.0009518143961927424,189.41481018066406,0.02253596789775896,0.0,0.06835550792548818,0.6618986531585409,low-risk,-0.06106486916542053,-0.06263753771781921,0.07863304018974304,0.027703087776899338,0.04024410992860794,0.27637040615081787,1978;6393;37;5356;7853
1,weibo,22,90,0.010707911957168352,191.5648193359375,0.022791769106000892,0.04444444552063942,0.06792206097499681,0.6577015085325563,low-risk,-0.03653082624077797,-0.0398222990334034,0.16457384824752808,0.03350246325135231,0.05092712491750717,0.29645413160324097,245;5055;883;217;7355
1,weibo,13,17,0.0020226055919095776,198.13287353515625,0.023573215173724717,0.05882352963089943,0.06761050447614432,0.6546846510293095,low-risk,-0.10714319348335266,-0.10221472382545471,-0.24642352759838104,0.005767946597188711,0.03288174048066139,0.3169104754924774,8274;101;6998;696;5109
1,weibo,2,4,0.0004759071980963712,181.73239135742188,0.021621938293565957,0.0,0.06730998554828119,0.6517746723072131,low-risk,-0.001902533695101738,-0.035377923399209976,1.6737697124481201,0.1353445053100586,0.06852394342422485,0.28196683526039124,6966;6149;8061;7913
1,weibo,16,8,0.0009518143961927424,196.2866668701172,0.023353559413458323,0.0,0.0671733716556258,0.6504518154622327,low-risk,-0.004569199867546558,-0.023511815816164017,0.9471307992935181,0.08631018549203873,0.07221218943595886,0.30628013610839844,2984;6577;4688;2810;3343
1,weibo,1,49,0.005829863176680547,205.7369842529297,0.024477927930152254,0.3265306055545807,0.06615428057093216,0.6405837735607683,low-risk,0.23490144312381744,0.21382997930049896,1.053572654724121,0.09349298477172852,0.09090540558099747,0.629382312297821,976;5475;6073;5263;803
1,weibo,20,2,0.0002379535990481856,200.9755096435547,0.023911422920113584,0.0,0.06534271594841341,0.6327252476438542,low-risk,-0.10819706320762634,-0.10321208834648132,-0.24924886226654053,0.0055772894993424416,0.029540138319134712,0.3320176601409912,3713;2951
1,weibo,25,189,0.02248661511005354,227.9791717529297,0.027124232213317036,0.042328041046857834,0.06497047639815237,0.6291207852611198,low-risk,0.03330286964774132,0.017193447798490524,0.8054711222648621,0.07675084471702576,0.29201677441596985,3.2717525959014893,5984;5523;2017;4196;6427
1,weibo,0,0,0.0,193.76673889160156,0.023053746447543315,nan,0.06470361278153687,0.6265366969590132,low-risk,nan,nan,nan,nan,nan,0.3085469901561737,
1,weibo,4,77,0.009161213563355145,200.55511474609375,0.023861405680677423,0.0,0.06338604141354866,0.6137784168967495,low-risk,-0.10338972508907318,-0.09761804342269897,-0.2885836958885193,0.002922936575487256,0.040113408118486404,0.3073243200778961,5461;4202;6550;3984;3028
1,weibo,5,1,0.0001189767995240928,200.4884796142578,0.023853477645955717,0.0,0.06315209385067432,0.6115130606514994,low-risk,-0.09784523397684097,-0.10191033780574799,0.2032553106546402,0.03611272573471069,0.03368484973907471,0.32451826333999634,8260
1,weibo,32,63,0.007495538370017847,238.52691650390625,0.028379169125985277,0.01587301678955555,0.05748004485908513,0.5565895921246531,low-risk,-0.013396202586591244,-0.014428437687456608,0.051611680537462234,0.02587966062128544,0.31781166791915894,0.8152868151664734,7143;3083;7144;1007;1860
2,weibo,33,7077,0.8419988102320047,2099.458740234375,0.24978688164596966,0.09029249846935272,0.18678728154968363,1.8086947758423493,elevated-risk,-0.034914009273052216,-0.03301034867763519,-0.09518314152956009,0.014547745697200298,0.2947237193584442,1.699601411819458,3947;2109;3706;7575;1454
2,weibo,4,270,0.032123735871505056,240.56336975097656,0.02862145981570215,0.24444444477558136,0.1699571395706003,1.645725490023196,elevated-risk,0.3289516568183899,0.316083163022995,0.6434241533279419,0.06239955872297287,0.26913636922836304,4.6811137199401855,2303;5245;5731;3734;2925
2,weibo,2,73,0.008685306365258775,182.894775390625,0.021760235025654374,0.42465752363204956,0.09854785285255972,0.9542565486585037,baseline-risk,0.042897094041109085,0.02109544910490513,1.090082049369812,0.09133699536323547,0.15998803079128265,0.7531211376190186,2425;7748;515;4773;7520
2,weibo,17,9,0.0010707911957168353,176.5899658203125,0.02101010896136972,0.3333333432674408,0.08022912384424835,0.7768730074317345,low-risk,2.779681444168091,2.7241315841674805,2.7774903774261475,0.20065835118293762,0.22485798597335815,0.857622504234314,2696;7286;684;6038;7735
2,weibo,30,20,0.002379535990481856,175.17166137695312,0.020841363637948022,0.15000000596046448,0.07909029377295619,0.7658455114297092,low-risk,0.8656058311462402,0.851202130317688,0.7201927900314331,0.06737314164638519,0.07384198904037476,0.6753824949264526,5212;2357;7114;5965;1574
2,weibo,26,13,0.0015466983938132064,171.30560302734375,0.020381392388738102,0.6153846383094788,0.07885487764914483,0.763565934845297,low-risk,-0.09016011655330658,-0.10030645877122879,0.507317066192627,0.053581658750772476,0.03181971609592438,0.28965333104133606,1072;5375;337;2971;4718
2,weibo,35,2,0.0002379535990481856,174.0986328125,0.020713698133551457,0.0,0.07814203727223272,0.7566633735197419,low-risk,3.6671762466430664,3.5091466903686523,7.901472091674805,0.5326234102249146,0.5205084681510925,0.79949551820755,1097;2319
2,weibo,27,86,0.010232004759071982,171.93650817871094,0.020456455464451035,0.0,0.07713044931198254,0.7468679857190856,low-risk,-0.10389656573534012,-0.09842189401388168,-0.2737339735031128,0.0029800531920045614,0.04155480116605759,0.29392576217651367,3038;4202;3176;3984;4111
2,weibo,29,22,0.0026174895895300417,172.56842041015625,0.020531638359328523,0.09090909361839294,0.07673566224972324,0.7430451917303599,low-risk,-0.10215482115745544,-0.09973731637001038,-0.12087556719779968,0.012883221730589867,0.03301217779517174,0.29636332392692566,7521;3853;907;332;6053
2,weibo,11,5,0.000594883997620464,173.23458862304688,0.020610896921242936,0.800000011920929,0.07667606545265057,0.7424681052465909,low-risk,4.807557582855225,4.6847662925720215,6.139550685882568,0.41847461462020874,0.3416248559951782,0.5925508737564087,7979;5664;965;7354;3886
2,weibo,8,33,0.003926234384295063,170.5116424560547,0.02028692950101781,0.1818181872367859,0.07648094131167167,0.7405786831644168,low-risk,0.07360698282718658,0.06987093389034271,0.18680228292942047,0.032816607505083084,0.06152261421084404,0.3290071487426758,7589;147;2956;3738;8216
2,weibo,32,15,0.001784651992861392,170.35972595214844,0.020268854961588156,0.2666666805744171,0.0744165574235658,0.7205888834158881,low-risk,-0.05957997590303421,-0.059755075722932816,0.008754272013902664,0.021281491965055466,0.04505622014403343,0.32857468724250793,5362;3045;6550;3963;1418
2,weibo,0,34,0.004045211183819155,170.04397583007812,0.020231288022614886,0.6470588445663452,0.07431122579003306,0.7195689383012047,low-risk,-0.09754495322704315,-0.0954633429646492,-0.10408004373311996,0.01397134643048048,0.04360964894294739,0.28248509764671326,3960;3619;7130;1648;4237
2,weibo,12,21,0.0024985127900059487,172.24159240722656,0.020492753409545098,0.6666666865348816,0.07423814385480094,0.7188612728040353,low-risk,1.1248239278793335,1.1003539562225342,1.2235028743743896,0.09998085349798203,0.09614726155996323,0.4890397787094116,4704;6143;1494;3439;5263
2,weibo,14,18,0.0021415823914336706,170.5996856689453,0.020297404600707353,0.4444444477558136,0.07301767097878774,0.7070432148688904,low-risk,0.6107537746429443,0.5800477266311646,1.535302996635437,0.12018132209777832,0.10034769773483276,0.40501925349235535,6598;2373;5439;561;1978
2,weibo,9,207,0.02462819750148721,191.7380828857422,0.022812383448630836,0.07729468494653702,0.07257433127103288,0.7027502768985587,low-risk,0.012171993963420391,0.009762185625731945,0.1204909011721611,0.028520524501800537,0.06479305028915405,0.7616077065467834,5311;480;5475;6619;1640
2,weibo,31,15,0.001784651992861392,173.25732421875,0.020613601929654966,0.0,0.07232039414034067,0.7002913580799707,low-risk,-0.0987221971154213,-0.09757589548826218,-0.057315196841955185,0.017001081258058548,0.03407612815499306,0.28865912556648254,7889;4373;7581;4032;1526
2,weibo,24,5,0.000594883997620464,170.6329803466797,0.020301365894905377,0.0,0.07173529616126186,0.6946257493225871,low-risk,-0.1043088436126709,-0.10007099062204361,-0.21189260482788086,0.006986543536186218,0.035071417689323425,0.26017048954963684,7276;3259;1843;2160;605
2,weibo,28,12,0.0014277215942891136,169.21392822265625,0.020132531614831202,0.1666666716337204,0.07141470144629254,0.6915213731503078,low-risk,-0.00953261461108923,-0.016474880278110504,0.3471132814884186,0.04320260509848595,0.05363720282912254,0.27651137113571167,3906;3112;7730;7805;1523
2,weibo,7,47,0.005591909577632362,170.83543395996094,0.020325453177865667,0.06382978707551956,0.07133162562058587,0.690716935017755,low-risk,0.0017261101165786386,0.003156333463266492,-0.07151111960411072,0.016081374138593674,0.0584319643676281,0.4900619089603424,5055;883;217;7355;2061
2,weibo,34,29,0.0034503271861986914,169.91897583007812,0.020216415922674376,0.27586206793785095,0.07100447969008106,0.6875491222494925,low-risk,-0.0058700283989310265,-0.01208477932959795,0.3107370436191559,0.04084591567516327,0.04954938590526581,0.33431801199913025,2676;1700;3779;6577;8285
2,weibo,18,5,0.000594883997620464,170.2404022216797,0.020254658206029705,0.0,0.07098420403566141,0.6873527894482367,low-risk,-0.10416863113641739,-0.09975874423980713,-0.220494344830513,0.0064292652532458305,0.035596296191215515,0.2589617967605591,3430;997;7667;3148;3042
2,weibo,15,3,0.0003569303985722784,169.20120239257812,0.02013101753629722,0.0,0.07059190122808821,0.6835540509435639,low-risk,-0.09830022603273392,-0.09508983045816422,-0.16052024066448212,0.010314781218767166,0.036431342363357544,0.27339106798171997,6827;2137;7505
2,weibo,21,174,0.02070196311719215,209.31964111328125,0.024904180977189917,0.04022988677024841,0.07046416075039713,0.6823171169684742,low-risk,0.04872316122055054,0.03322269022464752,0.7750232815742493,0.07092540711164474,0.28066515922546387,3.3054473400115967,5984;5523;2017;4196;6427
2,weibo,1,15,0.001784651992861392,172.25369262695312,0.020494193054961703,0.4000000059604645,0.07023166025132638,0.6800657729017843,low-risk,0.2557256519794464,0.23448094725608826,1.0622351169586182,0.08953287452459335,0.09609045088291168,0.34555068612098694,5384;91;6508;4939;6356
2,weibo,10,28,0.0033313503866745984,182.80979919433594,0.021750124829784168,0.0357142873108387,0.06934887600441111,0.6715176145778095,low-risk,0.22051607072353363,0.2108875811100006,0.4814240634441376,0.05190413445234299,0.06118034943938255,0.3097723722457886,1073;1525;7638;77;7794
2,weibo,13,31,0.003688280785246877,172.74070739746094,0.020552136513677686,0.12903225421905518,0.06903674617539267,0.6684952054156521,low-risk,-0.10013783723115921,-0.09903274476528168,-0.055254992097616196,0.01713455095887184,0.038428448140621185,0.2657976448535919,7095;2353;6346;6141;2885
2,weibo,6,1,0.0001189767995240928,167.5587158203125,0.019935599740667758,0.0,0.06769132735647261,0.6554672734873563,low-risk,-0.10300741344690323,-0.09984159469604492,-0.15829084813594818,0.010459216311573982,0.03655637800693512,0.23758983612060547,3337
2,weibo,23,8,0.0009518143961927424,179.61386108398438,0.021369882341937464,0.0,0.06702309209184386,0.6489966314707254,low-risk,-0.04113168269395828,-0.04824758693575859,0.3557952046394348,0.043765075504779816,0.0441344678401947,0.33697250485420227,5276;250;4226;6569;3459
2,weibo,19,7,0.0008328375966686496,171.816162109375,0.02044213707428614,0.2857142984867096,0.06556217585359202,0.6348503172990803,low-risk,-0.09392823278903961,-0.09439324587583542,0.023250460624694824,0.02222065068781376,0.03521730750799179,0.2544219493865967,6029;3559;366;6378;2740
2,weibo,16,58,0.006900654372397383,176.30764770507812,0.02097651965557146,0.08620689809322357,0.06474299437691138,0.6269180360160798,low-risk,-0.024946853518486023,-0.03366513550281525,0.435914009809494,0.04895570129156113,0.1417870968580246,0.6512744426727295,5577;3411;2463;3572;3036
2,weibo,3,19,0.002260559190957763,190.49325561523438,0.022664277884025506,0.05263157933950424,0.06395747971665801,0.6193117565597885,low-risk,1.2102611064910889,1.1569726467132568,2.664419651031494,0.19333286583423615,0.3897618353366852,1.53407621383667,7287;4838;3508;4041;7843
2,weibo,5,1,0.0001189767995240928,189.68148803710938,0.02256769637562277,1.0,0.06262036479885705,0.6063642327965917,low-risk,-0.0966297835111618,-0.09358775615692139,-0.15210145711898804,0.010860205627977848,0.037420496344566345,0.4031786620616913,4841
2,weibo,22,1,0.0001189767995240928,194.54977416992188,0.023146909478872324,0.0,0.06242590707775985,0.6044812637777554,low-risk,5.644430160522461,5.490604877471924,7.691253662109375,0.5190041065216064,0.3315892815589905,0.4010230302810669,6637
2,weibo,20,0,0.0,191.53335571289062,0.022788025664829344,nan,0.061337841561703535,0.5939453300763925,low-risk,nan,nan,nan,nan,nan,0.37808308005332947,
2,weibo,25,41,0.004878048780487805,229.7046661376953,0.027329526012813243,0.04878048598766327,0.06053144052122458,0.5861368040512405,low-risk,0.48949703574180603,0.4808032810688019,0.43468597531318665,0.04887613281607628,0.14510312676429749,0.5260778665542603,7295;3096;2526;4555;3064
