trial,dataset,rank,node_id,label,diagnosis_type,total_score,total_percentile,adhesion_score,adhesion_percentile,context_score,context_percentile,context_contribution,adhesion_raw,context_raw_js,dominant_community,dominant_prob,dominant_community_soft_share,dominant_community_anomaly_rate,dominant_community_lift,neighbor_dominant_prob,assignment_entropy_norm,closest_prototype,distance_to_dominant_prototype,distance_to_dominant_percentile,distance_to_closest_prototype,top_communities,neighbor_top_communities,explanation
0,weibo,1,2109,1,locally coherent prototype outlier,31.38081932067871,1.0,31.37903594970703,1.0,0.0891941711306572,0.8679200380771062,0.0017838834319263697,20744.25,0.028846263885498047,8,1.0,0.1525310600321609,0.2366125272879741,2.2911615740324422,0.9434922933578491,0.0,8,144.0286429846508,1.0,144.0286429846508,C8:1.000; C35:0.000; C33:0.000,C8:0.943; C20:0.002; C18:0.002,"#1 node 2109 (labeled anomaly) is a locally coherent prototype outlier. It assigns to C8 with p=1.000. C8 is high-risk (soft share 15.3%, anomaly rate 23.7%, lift 2.29x). Its distance to the assigned prototype is 144.03, at the 100.0% percentile among nodes. Its neighbors mostly agree with C8 (94.3% neighbor mass), so the alert is mainly a within-community residual outlier. Adhesion percentile=100.0%; context percentile=86.8%; beta-weighted context contribution=0.002; assignment entropy=0.000."
0,weibo,2,1454,1,high-risk community prototype outlier,27.26923370361328,0.9998810090433127,27.173011779785156,0.9998810090433127,4.811110973358154,0.9879819133745835,0.09622221440076828,17972.47265625,0.3832567036151886,8,1.0,0.1525310600321609,0.2366125272879741,2.2911615740324422,0.4140356183052063,0.0,8,134.06145104484733,0.9998810090433127,134.06145104484733,C8:1.000; C35:0.000; C33:0.000,C8:0.414; C29:0.027; C20:0.022,"#2 node 1454 (labeled anomaly) is a high-risk community prototype outlier. It assigns to C8 with p=1.000. C8 is high-risk (soft share 15.3%, anomaly rate 23.7%, lift 2.29x). Its distance to the assigned prototype is 134.06, at the 100.0% percentile among nodes. Its neighbors only partially support C8 (41.4% neighbor mass; C8:0.414; C29:0.027; C20:0.022), adding a moderate context-mismatch signal. Adhesion percentile=100.0%; context percentile=98.8%; beta-weighted context contribution=0.096; assignment entropy=0.000."
0,weibo,3,3947,1,locally coherent prototype outlier,26.49294090270996,0.9997620180866255,26.461471557617188,0.9997620180866255,1.573496699333191,0.9543074726320799,0.031469933688640594,17503.56640625,0.14025276899337769,8,1.0,0.1525310600321609,0.2366125272879741,2.2911615740324422,0.7461982369422913,0.0,8,132.30104461511254,0.9997620180866255,132.30104461511254,C8:1.000; C35:0.000; C33:0.000,C8:0.746; C28:0.016; C30:0.009,"#3 node 3947 (labeled anomaly) is a locally coherent prototype outlier. It assigns to C8 with p=1.000. C8 is high-risk (soft share 15.3%, anomaly rate 23.7%, lift 2.29x). Its distance to the assigned prototype is 132.30, at the 100.0% percentile among nodes. Its neighbors mostly agree with C8 (74.6% neighbor mass), so the alert is mainly a within-community residual outlier. Adhesion percentile=100.0%; context percentile=95.4%; beta-weighted context contribution=0.031; assignment entropy=0.000."
0,weibo,4,3706,1,high-risk community prototype outlier,24.392353057861328,0.9996430271299381,24.283870697021484,0.9996430271299381,5.424072742462158,0.9896477867682056,0.10848145186901093,16068.5234375,0.4292634427547455,8,1.0,0.1525310600321609,0.2366125272879741,2.2911615740324422,0.3639505207538605,0.0,8,126.76167968869773,0.9996430271299381,126.76167968869773,C8:1.000; C35:0.000; C33:0.000,C8:0.364; C29:0.051; C20:0.023,"#4 node 3706 (labeled anomaly) is a high-risk community prototype outlier. It assigns to C8 with p=1.000. C8 is high-risk (soft share 15.3%, anomaly rate 23.7%, lift 2.29x). Its distance to the assigned prototype is 126.76, at the 100.0% percentile among nodes. Its neighbors only partially support C8 (36.4% neighbor mass; C8:0.364; C29:0.051; C20:0.023), adding a moderate context-mismatch signal. Adhesion percentile=100.0%; context percentile=99.0%; beta-weighted context contribution=0.108; assignment entropy=0.000."
0,weibo,5,6817,1,high-risk community prototype outlier,24.107192993164062,0.9995240361732508,24.01287269592285,0.9995240361732508,4.715972900390625,0.9873869585911471,0.09431945532560349,15889.935546875,0.37611594796180725,8,1.0,0.1525310600321609,0.2366125272879741,2.2911615740324422,0.422140508890152,0.0,8,126.0552876593243,0.9995240361732508,126.0552876593243,C8:1.000; C35:0.000; C33:0.000,C8:0.422; C18:0.025; C5:0.021,"#5 node 6817 (labeled anomaly) is a high-risk community prototype outlier. It assigns to C8 with p=1.000. C8 is high-risk (soft share 15.3%, anomaly rate 23.7%, lift 2.29x). Its distance to the assigned prototype is 126.06, at the 100.0% percentile among nodes. Its neighbors only partially support C8 (42.2% neighbor mass; C8:0.422; C18:0.025; C5:0.021), adding a moderate context-mismatch signal. Adhesion percentile=100.0%; context percentile=98.7%; beta-weighted context contribution=0.094; assignment entropy=0.000."
0,weibo,6,7295,1,prototype-assignment tension,19.488849639892578,0.9994050452165636,19.2985897064209,0.9994050452165636,9.512960433959961,0.9988100904331271,0.1902592033147812,12783.21484375,0.7361608743667603,31,0.4788750112056732,0.024079354925569788,0.06898737227575583,0.6680171090827797,0.022889968007802963,0.32799194253784975,29,113.02595802513686,0.9994050452165636,112.76504368874691,C31:0.479; C23:0.278; C29:0.193,C8:0.093; C1:0.074; C29:0.039,"#6 node 7295 (labeled anomaly) is a prototype-assignment tension. It assigns to C31 with p=0.479. C31 is low-risk (soft share 2.4%, anomaly rate 6.9%, lift 0.67x). The closest prototype is C29 (distance 112.77), but the soft assignment favors C31; this assignment/prototype tension makes the case more diagnostic. Its neighborhood distribution is different from its own assignment (2.3% neighbor mass on C31; C8:0.093; C1:0.074; C29:0.039), which is a strong context-break signal. Adhesion percentile=99.9%; context percentile=99.9%; beta-weighted context contribution=0.190; assignment entropy=0.328."
0,weibo,7,5168,1,high-risk community prototype outlier,18.75154685974121,0.9992860542598763,18.70109748840332,0.9992860542598763,2.5224428176879883,0.972275107091861,0.05044885352253914,12389.4658203125,0.21147732436656952,8,1.0,0.1525310600321609,0.2366125272879741,2.2911615740324422,0.6359685063362122,0.0,8,111.30797734355117,0.9992860542598763,111.30797734355117,C8:1.000; C35:0.000; C33:0.000,C8:0.636; C27:0.036; C29:0.030,"#7 node 5168 (labeled anomaly) is a high-risk community prototype outlier. It assigns to C8 with p=1.000. C8 is high-risk (soft share 15.3%, anomaly rate 23.7%, lift 2.29x). Its distance to the assigned prototype is 111.31, at the 99.9% percentile among nodes. Its neighbors only partially support C8 (63.6% neighbor mass; C8:0.636; C27:0.036; C29:0.030), adding a moderate context-mismatch signal. Adhesion percentile=99.9%; context percentile=97.2%; beta-weighted context contribution=0.050; assignment entropy=0.000."
0,weibo,8,7575,0,high-risk community prototype outlier,18.47346305847168,0.9991670633031889,18.34800148010254,0.9991670633031889,6.273049354553223,0.9925035697287006,0.12546098232269287,12156.7744140625,0.4929846227169037,8,1.0,0.1525310600321609,0.2366125272879741,2.2911615740324422,0.30041399598121643,1.84032109431843e-25,8,110.25776350925362,0.9991670633031889,110.25776350925362,C8:1.000; C29:0.000; C1:0.000,C8:0.300; C1:0.040; C0:0.038,"#8 node 7575 (label=0) is a high-risk community prototype outlier. It assigns to C8 with p=1.000. C8 is high-risk (soft share 15.3%, anomaly rate 23.7%, lift 2.29x). Its distance to the assigned prototype is 110.26, at the 99.9% percentile among nodes. Its neighborhood distribution is different from its own assignment (30.0% neighbor mass on C8; C8:0.300; C1:0.040; C0:0.038), which is a strong context-break signal. Adhesion percentile=99.9%; context percentile=99.3%; beta-weighted context contribution=0.125; assignment entropy=0.000."
0,weibo,9,2696,1,neighborhood context break,18.42369270324707,0.9990480723465016,18.17648696899414,0.9990480723465016,12.360302925109863,0.9998810090433127,0.24720604717731476,12043.7470703125,0.9498723745346069,8,1.0,0.1525310600321609,0.2366125272879741,2.2911615740324422,0.012988662347197533,5.4435633330553784e-42,8,109.74400699041611,0.9990480723465016,109.74400699041611,C8:1.000; C14:0.000; C29:0.000,C24:0.082; C9:0.078; C11:0.072,"#9 node 2696 (labeled anomaly) is a neighborhood context break. It assigns to C8 with p=1.000. C8 is high-risk (soft share 15.3%, anomaly rate 23.7%, lift 2.29x). Its distance to the assigned prototype is 109.74, at the 99.9% percentile among nodes. Its neighborhood distribution is different from its own assignment (1.3% neighbor mass on C8; C24:0.082; C9:0.078; C11:0.072), which is a strong context-break signal. Adhesion percentile=99.9%; context percentile=100.0%; beta-weighted context contribution=0.247; assignment entropy=0.000."
0,weibo,10,4704,1,neighborhood context break,17.960424423217773,0.9989290813898144,17.74941635131836,0.9989290813898144,10.550393104553223,0.9995240361732508,0.21100786328315735,11762.3056640625,0.8140268921852112,8,1.0,0.1525310600321609,0.2366125272879741,2.2911615740324422,0.06973252445459366,3.875904033896588e-15,8,108.45416388531378,0.9989290813898144,108.45416388531378,C8:1.000; C31:0.000; C27:0.000,C8:0.070; C27:0.040; C2:0.030,"#10 node 4704 (labeled anomaly) is a neighborhood context break. It assigns to C8 with p=1.000. C8 is high-risk (soft share 15.3%, anomaly rate 23.7%, lift 2.29x). Its distance to the assigned prototype is 108.45, at the 99.9% percentile among nodes. Its neighborhood distribution is different from its own assignment (7.0% neighbor mass on C8; C8:0.070; C27:0.040; C2:0.030), which is a strong context-break signal. Adhesion percentile=99.9%; context percentile=100.0%; beta-weighted context contribution=0.211; assignment entropy=0.000."
0,weibo,11,6574,1,locally coherent prototype outlier,16.082921981811523,0.9988100904331271,16.035890579223633,0.9988100904331271,2.3516006469726562,0.9695383150880533,0.04703201353549957,10633.08984375,0.19865451753139496,8,1.0,0.1525310600321609,0.2366125272879741,2.2911615740324422,0.654963493347168,0.0,8,103.11687467989903,0.9988100904331271,103.11687467989903,C8:1.000; C35:0.000; C33:0.000,C8:0.655; C0:0.026; C20:0.012,"#11 node 6574 (labeled anomaly) is a locally coherent prototype outlier. It assigns to C8 with p=1.000. C8 is high-risk (soft share 15.3%, anomaly rate 23.7%, lift 2.29x). Its distance to the assigned prototype is 103.12, at the 99.9% percentile among nodes. Its neighbors only partially support C8 (65.5% neighbor mass; C8:0.655; C0:0.026; C20:0.012), adding a moderate context-mismatch signal. Adhesion percentile=99.9%; context percentile=97.0%; beta-weighted context contribution=0.047; assignment entropy=0.000."
0,weibo,12,5167,1,high-risk community prototype outlier,15.8707914352417,0.9986910994764397,15.738716125488281,0.9986910994764397,6.603760242462158,0.9932175154688244,0.1320752054452896,10437.2509765625,0.5178065896034241,8,1.0,0.1525310600321609,0.2366125272879741,2.2911615740324422,0.2774074077606201,1.0096107488011937e-29,8,102.16286495866538,0.9986910994764397,102.16286495866538,C8:1.000; C12:0.000; C29:0.000,C8:0.277; C25:0.034; C12:0.032,"#12 node 5167 (labeled anomaly) is a high-risk community prototype outlier. It assigns to C8 with p=1.000. C8 is high-risk (soft share 15.3%, anomaly rate 23.7%, lift 2.29x). Its distance to the assigned prototype is 102.16, at the 99.9% percentile among nodes. Its neighborhood distribution is different from its own assignment (27.7% neighbor mass on C8; C8:0.277; C25:0.034; C12:0.032), which is a strong context-break signal. Adhesion percentile=99.9%; context percentile=99.3%; beta-weighted context contribution=0.132; assignment entropy=0.000."
0,weibo,13,5212,0,high-risk community prototype outlier,13.481428146362305,0.9985721085197525,13.34704875946045,0.9985721085197525,6.718959808349609,0.9936934792955735,0.13437919318675995,8861.1376953125,0.5264530777931213,8,1.0,0.1525310600321609,0.2366125272879741,2.2911615740324422,0.2696148753166199,4.0386170229964315e-44,8,94.13361618100359,0.9985721085197525,94.13361618100359,C8:1.000; C29:0.000; C35:0.000,C8:0.270; C29:0.093; C27:0.025,"#13 node 5212 (label=0) is a high-risk community prototype outlier. It assigns to C8 with p=1.000. C8 is high-risk (soft share 15.3%, anomaly rate 23.7%, lift 2.29x). Its distance to the assigned prototype is 94.13, at the 99.9% percentile among nodes. Its neighborhood distribution is different from its own assignment (27.0% neighbor mass on C8; C8:0.270; C29:0.093; C27:0.025), which is a strong context-break signal. Adhesion percentile=99.9%; context percentile=99.4%; beta-weighted context contribution=0.134; assignment entropy=0.000."
0,weibo,14,2753,1,high-risk community prototype outlier,13.459234237670898,0.9984531175630652,13.321245193481445,0.9984531175630652,6.899450778961182,0.9945264159923846,0.13798901438713074,8844.1328125,0.5400000810623169,8,1.0,0.1525310600321609,0.2366125272879741,2.2911615740324422,0.2576325237751007,0.0,8,94.04324969129895,0.9984531175630652,94.04324969129895,C8:1.000; C35:0.000; C33:0.000,C8:0.258; C1:0.049; C0:0.033,"#14 node 2753 (labeled anomaly) is a high-risk community prototype outlier. It assigns to C8 with p=1.000. C8 is high-risk (soft share 15.3%, anomaly rate 23.7%, lift 2.29x). Its distance to the assigned prototype is 94.04, at the 99.8% percentile among nodes. Its neighborhood distribution is different from its own assignment (25.8% neighbor mass on C8; C8:0.258; C1:0.049; C0:0.033), which is a strong context-break signal. Adhesion percentile=99.8%; context percentile=99.5%; beta-weighted context contribution=0.138; assignment entropy=0.000."
0,weibo,15,6759,0,high-risk community prototype outlier,11.095662117004395,0.9983341266063779,10.980401039123535,0.9983341266063779,5.763062000274658,0.9908376963350786,0.11526123434305191,7301.51171875,0.45470672845840454,8,1.0,0.1525310600321609,0.2366125272879741,2.2911615740324422,0.33779028058052063,0.0,8,85.44888366005726,0.9983341266063779,85.44888366005726,C8:1.000; C35:0.000; C33:0.000,C8:0.338; C29:0.043; C20:0.023,"#15 node 6759 (label=0) is a high-risk community prototype outlier. It assigns to C8 with p=1.000. C8 is high-risk (soft share 15.3%, anomaly rate 23.7%, lift 2.29x). Its distance to the assigned prototype is 85.45, at the 99.8% percentile among nodes. Its neighborhood distribution is different from its own assignment (33.8% neighbor mass on C8; C8:0.338; C29:0.043; C20:0.023), which is a strong context-break signal. Adhesion percentile=99.8%; context percentile=99.1%; beta-weighted context contribution=0.115; assignment entropy=0.000."
0,weibo,16,1383,1,high-risk community prototype outlier,11.010788917541504,0.9982151356496907,10.883598327636719,0.9982151356496907,6.359552383422852,0.9928605425987624,0.12719105184078217,7237.71875,0.49947720766067505,8,1.0,0.1525310600321609,0.2366125272879741,2.2911615740324422,0.2943042814731598,0.0,8,85.07478327918326,0.9982151356496907,85.07478327918326,C8:1.000; C35:0.000; C33:0.000,C8:0.294; C20:0.097; C35:0.080,"#16 node 1383 (labeled anomaly) is a high-risk community prototype outlier. It assigns to C8 with p=1.000. C8 is high-risk (soft share 15.3%, anomaly rate 23.7%, lift 2.29x). Its distance to the assigned prototype is 85.07, at the 99.8% percentile among nodes. Its neighborhood distribution is different from its own assignment (29.4% neighbor mass on C8; C8:0.294; C20:0.097; C35:0.080), which is a strong context-break signal. Adhesion percentile=99.8%; context percentile=99.3%; beta-weighted context contribution=0.127; assignment entropy=0.000."
0,weibo,17,7287,1,prototype-assignment tension,10.742971420288086,0.9980961446930033,10.492663383483887,0.9980961446930033,12.515413284301758,1.0,0.25030824542045593,6980.091796875,0.961514413356781,8,0.9977771639823914,0.1525310600321609,0.2366125272879741,2.2911615740324422,0.0066481600515544415,0.004409194674860705,19,83.54702549313171,0.9980961446930033,83.51109231151572,C8:0.998; C19:0.002; C31:0.000,C19:0.333; C31:0.227; C1:0.042,"#17 node 7287 (labeled anomaly) is a prototype-assignment tension. It assigns to C8 with p=0.998. C8 is high-risk (soft share 15.3%, anomaly rate 23.7%, lift 2.29x). The closest prototype is C19 (distance 83.51), but the soft assignment favors C8; this assignment/prototype tension makes the case more diagnostic. Its neighborhood distribution is different from its own assignment (0.7% neighbor mass on C8; C19:0.333; C31:0.227; C1:0.042), which is a strong context-break signal. Adhesion percentile=99.8%; context percentile=100.0%; beta-weighted context contribution=0.250; assignment entropy=0.004."
0,weibo,18,2832,1,high-risk community prototype outlier,10.394518852233887,0.997977153736316,10.289700508117676,0.997977153736316,5.240904331207275,0.9889338410280819,0.10481808334589005,6846.3388671875,0.4155154228210449,8,1.0,0.1525310600321609,0.2366125272879741,2.2911615740324422,0.37853631377220154,4.093292692974749e-31,8,82.74260611793358,0.997977153736316,82.74260611793358,C8:1.000; C1:0.000; C29:0.000,C8:0.379; C1:0.052; C29:0.032,"#18 node 2832 (labeled anomaly) is a high-risk community prototype outlier. It assigns to C8 with p=1.000. C8 is high-risk (soft share 15.3%, anomaly rate 23.7%, lift 2.29x). Its distance to the assigned prototype is 82.74, at the 99.8% percentile among nodes. Its neighbors only partially support C8 (37.9% neighbor mass; C8:0.379; C1:0.052; C29:0.032), adding a moderate context-mismatch signal. Adhesion percentile=99.8%; context percentile=98.9%; beta-weighted context contribution=0.105; assignment entropy=0.000."
0,weibo,19,5311,0,high-risk community prototype outlier,9.761847496032715,0.9978581627796288,9.6456880569458,0.9978581627796288,5.807992935180664,0.9909566872917658,0.11615985631942749,6421.93359375,0.45807912945747375,8,1.0,0.1525310600321609,0.2366125272879741,2.2911615740324422,0.33440282940864563,3.8360518527267766e-11,8,80.13696770997765,0.9978581627796288,80.13696770997765,C8:1.000; C29:0.000; C12:0.000,C8:0.334; C0:0.051; C30:0.025,"#19 node 5311 (label=0) is a high-risk community prototype outlier. It assigns to C8 with p=1.000. C8 is high-risk (soft share 15.3%, anomaly rate 23.7%, lift 2.29x). Its distance to the assigned prototype is 80.14, at the 99.8% percentile among nodes. Its neighborhood distribution is different from its own assignment (33.4% neighbor mass on C8; C8:0.334; C0:0.051; C30:0.025), which is a strong context-break signal. Adhesion percentile=99.8%; context percentile=99.1%; beta-weighted context contribution=0.116; assignment entropy=0.000."
0,weibo,20,4847,1,high-risk community prototype outlier,9.56949234008789,0.9977391718229415,9.499468803405762,0.9977391718229415,3.501168727874756,0.9817943836268443,0.07002337276935577,6325.57470703125,0.2849370241165161,8,1.0,0.1525310600321609,0.2366125272879741,2.2911615740324422,0.5339162349700928,0.0,8,79.53348167301147,0.9977391718229415,79.53348167301147,C8:1.000; C35:0.000; C33:0.000,C8:0.534; C29:0.023; C20:0.017,"#20 node 4847 (labeled anomaly) is a high-risk community prototype outlier. It assigns to C8 with p=1.000. C8 is high-risk (soft share 15.3%, anomaly rate 23.7%, lift 2.29x). Its distance to the assigned prototype is 79.53, at the 99.8% percentile among nodes. Its neighbors only partially support C8 (53.4% neighbor mass; C8:0.534; C29:0.023; C20:0.017), adding a moderate context-mismatch signal. Adhesion percentile=99.8%; context percentile=98.2%; beta-weighted context contribution=0.070; assignment entropy=0.000."
0,weibo,21,4357,1,high-risk community prototype outlier,9.033982276916504,0.9976201808662541,8.971906661987305,0.9976201808662541,3.1037590503692627,0.9783436458829129,0.0620751790702343,5977.91015625,0.25510886311531067,8,1.0,0.1525310600321609,0.2366125272879741,2.2911615740324422,0.5739976763725281,0.0,8,77.31694611306114,0.9976201808662541,77.31694611306114,C8:1.000; C35:0.000; C33:0.000,C8:0.574; C31:0.027; C1:0.026,"#21 node 4357 (labeled anomaly) is a high-risk community prototype outlier. It assigns to C8 with p=1.000. C8 is high-risk (soft share 15.3%, anomaly rate 23.7%, lift 2.29x). Its distance to the assigned prototype is 77.32, at the 99.8% percentile among nodes. Its neighbors only partially support C8 (57.4% neighbor mass; C8:0.574; C31:0.027; C1:0.026), adding a moderate context-mismatch signal. Adhesion percentile=99.8%; context percentile=97.8%; beta-weighted context contribution=0.062; assignment entropy=0.000."
0,weibo,22,3397,1,neighborhood context break,8.924776077270508,0.9975011899095668,8.71610164642334,0.9973821989528796,10.43371295928955,0.9992860542598763,0.20867425203323364,5809.33447265625,0.8052693009376526,8,1.0,0.1525310600321609,0.2366125272879741,2.2911615740324422,0.07422732561826706,0.0,8,76.21899023639877,0.9973821989528796,76.21899023639877,C8:1.000; C35:0.000; C33:0.000,C8:0.074; C30:0.037; C14:0.033,"#22 node 3397 (labeled anomaly) is a neighborhood context break. It assigns to C8 with p=1.000. C8 is high-risk (soft share 15.3%, anomaly rate 23.7%, lift 2.29x). Its distance to the assigned prototype is 76.22, at the 99.7% percentile among nodes. Its neighborhood distribution is different from its own assignment (7.4% neighbor mass on C8; C8:0.074; C30:0.037; C14:0.033), which is a strong context-break signal. Adhesion percentile=99.7%; context percentile=99.9%; beta-weighted context contribution=0.209; assignment entropy=0.000."
0,weibo,23,7151,0,high-risk community prototype outlier,8.832547187805176,0.9973821989528796,8.765153884887695,0.9975011899095668,3.3696885108947754,0.9807234650166587,0.06739377230405807,5841.65966796875,0.27506858110427856,8,1.0,0.1525310600321609,0.2366125272879741,2.2911615740324422,0.5469771027565002,0.0,8,76.43075080076572,0.9975011899095668,76.43075080076572,C8:1.000; C35:0.000; C33:0.000,C8:0.547; C0:0.030; C29:0.021,"#23 node 7151 (label=0) is a high-risk community prototype outlier. It assigns to C8 with p=1.000. C8 is high-risk (soft share 15.3%, anomaly rate 23.7%, lift 2.29x). Its distance to the assigned prototype is 76.43, at the 99.8% percentile among nodes. Its neighbors only partially support C8 (54.7% neighbor mass; C8:0.547; C0:0.030; C29:0.021), adding a moderate context-mismatch signal. Adhesion percentile=99.8%; context percentile=98.1%; beta-weighted context contribution=0.067; assignment entropy=0.000."
0,weibo,24,2250,1,neighborhood context break,8.77079963684082,0.9972632079961923,8.559173583984375,0.997144217039505,10.581298828125,0.9996430271299381,0.21162597835063934,5705.91845703125,0.8163465857505798,8,0.9999985694885254,0.1525310600321609,0.2366125272879741,2.2911615740324422,0.0685521736741066,5.631340516397023e-06,8,75.53753335470056,0.997144217039505,75.53753335470056,C8:1.000; C29:0.000; C19:0.000,C29:0.087; C25:0.084; C8:0.069,"#24 node 2250 (labeled anomaly) is a neighborhood context break. It assigns to C8 with p=1.000. C8 is high-risk (soft share 15.3%, anomaly rate 23.7%, lift 2.29x). Its distance to the assigned prototype is 75.54, at the 99.7% percentile among nodes. Its neighborhood distribution is different from its own assignment (6.9% neighbor mass on C8; C29:0.087; C25:0.084; C8:0.069), which is a strong context-break signal. Adhesion percentile=99.7%; context percentile=100.0%; beta-weighted context contribution=0.212; assignment entropy=0.000."
0,weibo,25,976,0,high-risk community prototype outlier,8.729918479919434,0.997144217039505,8.633626937866211,0.9972632079961923,4.814554691314697,0.9881009043312708,0.09629109501838684,5754.9833984375,0.3835151195526123,8,1.0,0.1525310600321609,0.2366125272879741,2.2911615740324422,0.4137440323829651,2.743758688778142e-36,8,75.86160688014392,0.9972632079961923,75.86160688014392,C8:1.000; C28:0.000; C29:0.000,C8:0.414; C7:0.025; C14:0.024,"#25 node 976 (label=0) is a high-risk community prototype outlier. It assigns to C8 with p=1.000. C8 is high-risk (soft share 15.3%, anomaly rate 23.7%, lift 2.29x). Its distance to the assigned prototype is 75.86, at the 99.7% percentile among nodes. Its neighbors only partially support C8 (41.4% neighbor mass; C8:0.414; C7:0.025; C14:0.024), adding a moderate context-mismatch signal. Adhesion percentile=99.7%; context percentile=98.8%; beta-weighted context contribution=0.096; assignment entropy=0.000."
0,weibo,26,6637,0,prototype-assignment tension,7.857183933258057,0.9970252260828177,7.660229682922363,0.9970252260828177,9.847702980041504,0.9989290813898144,0.19695405662059784,5113.5126953125,0.7612854838371277,1,0.7022344470024109,0.02483870888096743,0.07070281242937754,0.6846280240143752,0.04873352497816086,0.19813475819710255,29,71.57044852145681,0.9970252260828177,71.31551606790244,C1:0.702; C29:0.269; C3:0.028,C8:0.075; C1:0.049; C31:0.044,"#26 node 6637 (label=0) is a prototype-assignment tension. It assigns to C1 with p=0.702. C1 is low-risk (soft share 2.5%, anomaly rate 7.1%, lift 0.68x). The closest prototype is C29 (distance 71.32), but the soft assignment favors C1; this assignment/prototype tension makes the case more diagnostic. Its neighborhood distribution is different from its own assignment (4.9% neighbor mass on C1; C8:0.075; C1:0.049; C31:0.044), which is a strong context-break signal. Adhesion percentile=99.7%; context percentile=99.9%; beta-weighted context contribution=0.197; assignment entropy=0.198."
0,weibo,27,2626,0,high-risk community prototype outlier,7.5202789306640625,0.9969062351261304,7.402987003326416,0.9969062351261304,5.864591598510742,0.991432651118515,0.11729183048009872,4943.9892578125,0.4623272120952606,8,1.0,0.1525310600321609,0.2366125272879741,2.2911615740324422,0.33016204833984375,0.0,8,70.31350693723432,0.9969062351261304,70.31350693723432,C8:1.000; C35:0.000; C33:0.000,C8:0.330; C27:0.069; C29:0.050,"#27 node 2626 (label=0) is a high-risk community prototype outlier. It assigns to C8 with p=1.000. C8 is high-risk (soft share 15.3%, anomaly rate 23.7%, lift 2.29x). Its distance to the assigned prototype is 70.31, at the 99.7% percentile among nodes. Its neighborhood distribution is different from its own assignment (33.0% neighbor mass on C8; C8:0.330; C27:0.069; C29:0.050), which is a strong context-break signal. Adhesion percentile=99.7%; context percentile=99.1%; beta-weighted context contribution=0.117; assignment entropy=0.000."
0,weibo,28,3496,0,neighborhood context break,7.518676280975342,0.9967872441694431,7.3490705490112305,0.9967872441694431,8.480280876159668,0.9983341266063779,0.16960561275482178,4908.4580078125,0.65865159034729,8,1.0,0.1525310600321609,0.2366125272879741,2.2911615740324422,0.16397325694561005,0.0,8,70.06038829333235,0.9967872441694431,70.06038829333235,C8:1.000; C35:0.000; C33:0.000,C8:0.164; C29:0.039; C20:0.032,"#28 node 3496 (label=0) is a neighborhood context break. It assigns to C8 with p=1.000. C8 is high-risk (soft share 15.3%, anomaly rate 23.7%, lift 2.29x). Its distance to the assigned prototype is 70.06, at the 99.7% percentile among nodes. Its neighborhood distribution is different from its own assignment (16.4% neighbor mass on C8; C8:0.164; C29:0.039; C20:0.032), which is a strong context-break signal. Adhesion percentile=99.7%; context percentile=99.8%; beta-weighted context contribution=0.170; assignment entropy=0.000."
0,weibo,29,7979,1,prototype-assignment tension,7.438253879547119,0.9966682532127559,7.2805399894714355,0.9966682532127559,7.885704040527344,0.9973821989528796,0.1577140837907791,4863.29638671875,0.6140247583389282,12,0.6256502866744995,0.02419518737974513,0.06888410446059509,0.6670171482918508,0.026275843381881714,0.25005909920867503,29,69.96220380274981,0.9966682532127559,69.24623114180115,C12:0.626; C29:0.298; C27:0.064,C29:0.143; C27:0.092; C16:0.058,"#29 node 7979 (labeled anomaly) is a prototype-assignment tension. It assigns to C12 with p=0.626. C12 is low-risk (soft share 2.4%, anomaly rate 6.9%, lift 0.67x). The closest prototype is C29 (distance 69.25), but the soft assignment favors C12; this assignment/prototype tension makes the case more diagnostic. Its neighborhood distribution is different from its own assignment (2.6% neighbor mass on C12; C29:0.143; C27:0.092; C16:0.058), which is a strong context-break signal. Adhesion percentile=99.7%; context percentile=99.7%; beta-weighted context contribution=0.158; assignment entropy=0.250."
0,weibo,30,2790,0,neighborhood context break,7.0283660888671875,0.9965492622560685,6.88201379776001,0.9965492622560685,7.317623615264893,0.9958353165159448,0.14635246992111206,4600.6669921875,0.5713866353034973,8,1.0,0.1525310600321609,0.2366125272879741,2.2911615740324422,0.23091401159763336,0.0,8,67.82821678466492,0.9965492622560685,67.82821678466492,C8:1.000; C35:0.000; C33:0.000,C8:0.231; C0:0.058; C20:0.030,"#30 node 2790 (label=0) is a neighborhood context break. It assigns to C8 with p=1.000. C8 is high-risk (soft share 15.3%, anomaly rate 23.7%, lift 2.29x). Its distance to the assigned prototype is 67.83, at the 99.7% percentile among nodes. Its neighborhood distribution is different from its own assignment (23.1% neighbor mass on C8; C8:0.231; C0:0.058; C20:0.030), which is a strong context-break signal. Adhesion percentile=99.7%; context percentile=99.6%; beta-weighted context contribution=0.146; assignment entropy=0.000."
1,weibo,1,6817,1,high-risk community prototype outlier,27.18818473815918,1.0,27.094257354736328,1.0,4.696385383605957,0.9890528319847691,0.09392770379781723,16440.171875,0.33931365609169006,21,1.0,0.19010620480275878,0.22659067436126606,2.1941181732055193,0.4653737545013428,0.0,21,128.21923363910736,1.0,128.21923363910736,C21:1.000; C35:0.000; C33:0.000,C21:0.465; C32:0.024; C20:0.018,"#1 node 6817 (labeled anomaly) is a high-risk community prototype outlier. It assigns to C21 with p=1.000. C21 is high-risk (soft share 19.0%, anomaly rate 22.7%, lift 2.19x). Its distance to the assigned prototype is 128.22, at the 100.0% percentile among nodes. Its neighbors only partially support C21 (46.5% neighbor mass; C21:0.465; C32:0.024; C20:0.018), adding a moderate context-mismatch signal. Adhesion percentile=100.0%; context percentile=98.9%; beta-weighted context contribution=0.094; assignment entropy=0.000."
1,weibo,2,7295,1,high-risk community prototype outlier,23.43866729736328,0.9998810090433127,23.297115325927734,0.9998810090433127,7.077617645263672,0.9958353165159448,0.14155234396457672,14145.037109375,0.5000016093254089,21,1.0,0.19010620480275878,0.22659067436126606,2.1941181732055193,0.293813556432724,0.0,21,118.93291011900365,0.9998810090433127,118.93291011900365,C21:1.000; C35:0.000; C33:0.000,C21:0.294; C1:0.025; C17:0.023,"#2 node 7295 (labeled anomaly) is a high-risk community prototype outlier. It assigns to C21 with p=1.000. C21 is high-risk (soft share 19.0%, anomaly rate 22.7%, lift 2.19x). Its distance to the assigned prototype is 118.93, at the 100.0% percentile among nodes. Its neighborhood distribution is different from its own assignment (29.4% neighbor mass on C21; C21:0.294; C1:0.025; C17:0.023), which is a strong context-break signal. Adhesion percentile=100.0%; context percentile=99.6%; beta-weighted context contribution=0.142; assignment entropy=0.000."
1,weibo,3,2696,1,neighborhood context break,22.836572647094727,0.9997620180866255,22.638059616088867,0.9997620180866255,9.925667762756348,0.9994050452165636,0.19851334393024445,13746.6787109375,0.6921908855438232,21,1.0,0.19010620480275878,0.22659067436126606,2.1941181732055193,0.14099600911140442,0.0,21,117.24623111613226,0.9997620180866255,117.24623111613226,C21:1.000; C35:0.000; C33:0.000,C21:0.141; C1:0.033; C17:0.032,"#3 node 2696 (labeled anomaly) is a neighborhood context break. It assigns to C21 with p=1.000. C21 is high-risk (soft share 19.0%, anomaly rate 22.7%, lift 2.19x). Its distance to the assigned prototype is 117.25, at the 100.0% percentile among nodes. Its neighborhood distribution is different from its own assignment (14.1% neighbor mass on C21; C21:0.141; C1:0.033; C17:0.032), which is a strong context-break signal. Adhesion percentile=100.0%; context percentile=99.9%; beta-weighted context contribution=0.199; assignment entropy=0.000."
1,weibo,4,1454,1,high-risk community prototype outlier,22.686626434326172,0.9996430271299381,22.57358741760254,0.9996430271299381,5.65191125869751,0.993455497382199,0.11303821951150894,13707.708984375,0.4037935137748718,21,1.0,0.19010620480275878,0.22659067436126606,2.1941181732055193,0.39122679829597473,0.0,21,117.07992562508313,0.9996430271299381,117.07992562508313,C21:1.000; C35:0.000; C33:0.000,C21:0.391; C32:0.021; C1:0.020,"#4 node 1454 (labeled anomaly) is a high-risk community prototype outlier. It assigns to C21 with p=1.000. C21 is high-risk (soft share 19.0%, anomaly rate 22.7%, lift 2.19x). Its distance to the assigned prototype is 117.08, at the 100.0% percentile among nodes. Its neighbors only partially support C21 (39.1% neighbor mass; C21:0.391; C32:0.021; C1:0.020), adding a moderate context-mismatch signal. Adhesion percentile=100.0%; context percentile=99.3%; beta-weighted context contribution=0.113; assignment entropy=0.000."
1,weibo,5,2109,1,locally coherent prototype outlier,22.541990280151367,0.9995240361732508,22.53350830078125,0.9995240361732508,0.4241151511669159,0.8851737267967634,0.008482302539050579,13683.484375,0.05101656913757324,21,1.0,0.19010620480275878,0.22659067436126606,2.1941181732055193,0.9016380906105042,0.0,21,116.97642657817856,0.9995240361732508,116.97642657817856,C21:1.000; C35:0.000; C33:0.000,C21:0.902; C32:0.004; C5:0.003,"#5 node 2109 (labeled anomaly) is a locally coherent prototype outlier. It assigns to C21 with p=1.000. C21 is high-risk (soft share 19.0%, anomaly rate 22.7%, lift 2.19x). Its distance to the assigned prototype is 116.98, at the 100.0% percentile among nodes. Its neighbors mostly agree with C21 (90.2% neighbor mass), so the alert is mainly a within-community residual outlier. Adhesion percentile=100.0%; context percentile=88.5%; beta-weighted context contribution=0.008; assignment entropy=0.000."
1,weibo,6,2832,1,high-risk community prototype outlier,21.2576904296875,0.9994050452165636,21.203536987304688,0.9994050452165636,2.7076992988586426,0.9706092336982389,0.054153986275196075,12879.599609375,0.20511510968208313,21,1.0,0.19010620480275878,0.22659067436126606,2.1941181732055193,0.6453477144241333,0.0,21,113.4883236697723,0.9994050452165636,113.4883236697723,C21:1.000; C35:0.000; C33:0.000,C21:0.645; C1:0.015; C32:0.013,"#6 node 2832 (labeled anomaly) is a high-risk community prototype outlier. It assigns to C21 with p=1.000. C21 is high-risk (soft share 19.0%, anomaly rate 22.7%, lift 2.19x). Its distance to the assigned prototype is 113.49, at the 99.9% percentile among nodes. Its neighbors only partially support C21 (64.5% neighbor mass; C21:0.645; C1:0.015; C32:0.013), adding a moderate context-mismatch signal. Adhesion percentile=99.9%; context percentile=97.1%; beta-weighted context contribution=0.054; assignment entropy=0.000."
1,weibo,7,3947,1,neighborhood context break,19.627025604248047,0.9992860542598763,19.363346099853516,0.9992860542598763,13.184008598327637,1.0,0.2636801600456238,11767.3193359375,0.9120669960975647,21,1.0,0.19010620480275878,0.22659067436126606,2.1941181732055193,0.02618366852402687,0.0,21,108.47727566609285,0.9992860542598763,108.47727566609285,C21:1.000; C35:0.000; C33:0.000,C14:0.037; C10:0.037; C17:0.037,"#7 node 3947 (labeled anomaly) is a neighborhood context break. It assigns to C21 with p=1.000. C21 is high-risk (soft share 19.0%, anomaly rate 22.7%, lift 2.19x). Its distance to the assigned prototype is 108.48, at the 99.9% percentile among nodes. Its neighborhood distribution is different from its own assignment (2.6% neighbor mass on C21; C14:0.037; C10:0.037; C17:0.037), which is a strong context-break signal. Adhesion percentile=99.9%; context percentile=100.0%; beta-weighted context contribution=0.264; assignment entropy=0.000."
1,weibo,8,7575,0,high-risk community prototype outlier,19.354694366455078,0.9991670633031889,19.232667922973633,0.9991670633031889,6.101295471191406,0.9945264159923846,0.12202590703964233,11688.33203125,0.4341184198856354,21,1.0,0.19010620480275878,0.22659067436126606,2.1941181732055193,0.35887569189071655,0.0,21,108.11258960569764,0.9991670633031889,108.11258960569764,C21:1.000; C35:0.000; C33:0.000,C21:0.359; C32:0.019; C13:0.019,"#8 node 7575 (label=0) is a high-risk community prototype outlier. It assigns to C21 with p=1.000. C21 is high-risk (soft share 19.0%, anomaly rate 22.7%, lift 2.19x). Its distance to the assigned prototype is 108.11, at the 99.9% percentile among nodes. Its neighbors only partially support C21 (35.9% neighbor mass; C21:0.359; C32:0.019; C13:0.019), adding a moderate context-mismatch signal. Adhesion percentile=99.9%; context percentile=99.5%; beta-weighted context contribution=0.122; assignment entropy=0.000."
1,weibo,9,4704,1,neighborhood context break,18.721200942993164,0.9990480723465016,18.509918212890625,0.9990480723465016,10.564126014709473,0.9996430271299381,0.21128252148628235,11251.4755859375,0.7352746725082397,21,1.0,0.19010620480275878,0.22659067436126606,2.1941181732055193,0.11363396048545837,0.0,21,106.07297292872252,0.9990480723465016,106.07297292872252,C21:1.000; C35:0.000; C33:0.000,C21:0.114; C24:0.027; C34:0.027,"#9 node 4704 (labeled anomaly) is a neighborhood context break. It assigns to C21 with p=1.000. C21 is high-risk (soft share 19.0%, anomaly rate 22.7%, lift 2.19x). Its distance to the assigned prototype is 106.07, at the 99.9% percentile among nodes. Its neighborhood distribution is different from its own assignment (11.4% neighbor mass on C21; C21:0.114; C24:0.027; C34:0.027), which is a strong context-break signal. Adhesion percentile=99.9%; context percentile=100.0%; beta-weighted context contribution=0.211; assignment entropy=0.000."
1,weibo,10,2753,1,high-risk community prototype outlier,17.670970916748047,0.9989290813898144,17.528345108032227,0.9989290813898144,7.131299018859863,0.995954307472632,0.14262597262859344,10658.17578125,0.5036240816116333,21,1.0,0.19010620480275878,0.22659067436126606,2.1941181732055193,0.29043611884117126,0.0,21,103.23844139297145,0.9989290813898144,103.23844139297145,C21:1.000; C35:0.000; C33:0.000,C21:0.290; C1:0.029; C17:0.023,"#10 node 2753 (labeled anomaly) is a high-risk community prototype outlier. It assigns to C21 with p=1.000. C21 is high-risk (soft share 19.0%, anomaly rate 22.7%, lift 2.19x). Its distance to the assigned prototype is 103.24, at the 99.9% percentile among nodes. Its neighborhood distribution is different from its own assignment (29.0% neighbor mass on C21; C21:0.290; C1:0.029; C17:0.023), which is a strong context-break signal. Adhesion percentile=99.9%; context percentile=99.6%; beta-weighted context contribution=0.143; assignment entropy=0.000."
1,weibo,11,1383,1,locally coherent prototype outlier,16.890178680419922,0.9988100904331271,16.879907608032227,0.9988100904331271,0.5135655999183655,0.8977867682056164,0.010271311737596989,10266.236328125,0.05705277621746063,21,1.0,0.19010620480275878,0.22659067436126606,2.1941181732055193,0.8904737234115601,0.0,21,101.32243743675436,0.9988100904331271,101.32243743675436,C21:1.000; C35:0.000; C33:0.000,C21:0.890; C5:0.004; C32:0.004,"#11 node 1383 (labeled anomaly) is a locally coherent prototype outlier. It assigns to C21 with p=1.000. C21 is high-risk (soft share 19.0%, anomaly rate 22.7%, lift 2.19x). Its distance to the assigned prototype is 101.32, at the 99.9% percentile among nodes. Its neighbors mostly agree with C21 (89.0% neighbor mass), so the alert is mainly a within-community residual outlier. Adhesion percentile=99.9%; context percentile=89.8%; beta-weighted context contribution=0.010; assignment entropy=0.000."
1,weibo,12,3706,1,high-risk community prototype outlier,16.44771385192871,0.9986910994764397,16.314775466918945,0.9986910994764397,6.646897315979004,0.9952403617325083,0.1329379379749298,9924.6484375,0.4709361493587494,21,1.0,0.19010620480275878,0.22659067436126606,2.1941181732055193,0.3216572403907776,1.1696267956436714e-40,21,99.62252976862212,0.9986910994764397,99.62252976862212,C21:1.000; C1:0.000; C35:0.000,C21:0.322; C32:0.023; C4:0.022,"#12 node 3706 (labeled anomaly) is a high-risk community prototype outlier. It assigns to C21 with p=1.000. C21 is high-risk (soft share 19.0%, anomaly rate 22.7%, lift 2.19x). Its distance to the assigned prototype is 99.62, at the 99.9% percentile among nodes. Its neighborhood distribution is different from its own assignment (32.2% neighbor mass on C21; C21:0.322; C32:0.023; C4:0.022), which is a strong context-break signal. Adhesion percentile=99.9%; context percentile=99.5%; beta-weighted context contribution=0.133; assignment entropy=0.000."
1,weibo,13,5167,1,high-risk community prototype outlier,14.583959579467773,0.9985721085197525,14.438838005065918,0.9985721085197525,7.256093502044678,0.9960732984293194,0.14512187242507935,8790.76171875,0.5120453238487244,21,1.0,0.19010620480275878,0.22659067436126606,2.1941181732055193,0.2826627492904663,4.0386170229964315e-44,21,93.7590620620215,0.9985721085197525,93.7590620620215,C21:1.000; C20:0.000; C35:0.000,C21:0.283; C17:0.044; C32:0.023,"#13 node 5167 (labeled anomaly) is a high-risk community prototype outlier. It assigns to C21 with p=1.000. C21 is high-risk (soft share 19.0%, anomaly rate 22.7%, lift 2.19x). Its distance to the assigned prototype is 93.76, at the 99.9% percentile among nodes. Its neighborhood distribution is different from its own assignment (28.3% neighbor mass on C21; C21:0.283; C17:0.044; C32:0.023), which is a strong context-break signal. Adhesion percentile=99.9%; context percentile=99.6%; beta-weighted context contribution=0.145; assignment entropy=0.000."
1,weibo,14,2626,0,locally coherent prototype outlier,14.016402244567871,0.9984531175630652,13.96963882446289,0.9984531175630652,2.338188648223877,0.9670395049976201,0.046763770282268524,8507.16015625,0.180180162191391,21,1.0,0.19010620480275878,0.22659067436126606,2.1941181732055193,0.6829754114151001,0.0,21,92.23426779809118,0.9984531175630652,92.23426779809118,C21:1.000; C35:0.000; C33:0.000,C21:0.683; C1:0.014; C32:0.010,"#14 node 2626 (label=0) is a locally coherent prototype outlier. It assigns to C21 with p=1.000. C21 is high-risk (soft share 19.0%, anomaly rate 22.7%, lift 2.19x). Its distance to the assigned prototype is 92.23, at the 99.8% percentile among nodes. Its neighbors only partially support C21 (68.3% neighbor mass; C21:0.683; C1:0.014; C32:0.010), adding a moderate context-mismatch signal. Adhesion percentile=99.8%; context percentile=96.7%; beta-weighted context contribution=0.047; assignment entropy=0.000."
1,weibo,15,6574,1,high-risk community prototype outlier,12.898774147033691,0.9983341266063779,12.832965850830078,0.9983341266063779,3.290421962738037,0.9775107091861018,0.06580843776464462,7820.11181640625,0.2444378286600113,21,1.0,0.19010620480275878,0.22659067436126606,2.1941181732055193,0.5887811779975891,0.0,21,88.4313961011939,0.9983341266063779,88.4313961011939,C21:1.000; C35:0.000; C33:0.000,C21:0.589; C17:0.028; C32:0.019,"#15 node 6574 (labeled anomaly) is a high-risk community prototype outlier. It assigns to C21 with p=1.000. C21 is high-risk (soft share 19.0%, anomaly rate 22.7%, lift 2.19x). Its distance to the assigned prototype is 88.43, at the 99.8% percentile among nodes. Its neighbors only partially support C21 (58.9% neighbor mass; C21:0.589; C17:0.028; C32:0.019), adding a moderate context-mismatch signal. Adhesion percentile=99.8%; context percentile=97.8%; beta-weighted context contribution=0.066; assignment entropy=0.000."
1,weibo,16,5168,1,high-risk community prototype outlier,12.280069351196289,0.9982151356496907,12.199040412902832,0.9982151356496907,4.05145788192749,0.9841742027605902,0.08102915436029434,7436.94384765625,0.2957932949066162,21,1.0,0.19010620480275878,0.22659067436126606,2.1941181732055193,0.519772469997406,8.584743335081222e-19,21,86.23771708281852,0.9982151356496907,86.23771708281852,C21:1.000; C23:0.000; C2:0.000,C21:0.520; C27:0.137; C2:0.023,"#16 node 5168 (labeled anomaly) is a high-risk community prototype outlier. It assigns to C21 with p=1.000. C21 is high-risk (soft share 19.0%, anomaly rate 22.7%, lift 2.19x). Its distance to the assigned prototype is 86.24, at the 99.8% percentile among nodes. Its neighbors only partially support C21 (52.0% neighbor mass; C21:0.520; C27:0.137; C2:0.023), adding a moderate context-mismatch signal. Adhesion percentile=99.8%; context percentile=98.4%; beta-weighted context contribution=0.081; assignment entropy=0.000."
1,weibo,17,976,0,prototype-assignment tension,12.232881546020508,0.9980961446930033,12.021193504333496,0.9980961446930033,10.584403991699219,0.9997620180866255,0.2116880714893341,7329.4462890625,0.7366430759429932,1,1.0,0.02447786257424431,0.06615428057093216,0.6405837735607683,0.11280364543199539,3.539078739189525e-07,25,85.61218540057543,0.9980961446930033,85.35916191855155,C1:1.000; C33:0.000; C35:0.000,C1:0.113; C11:0.078; C21:0.077,"#17 node 976 (label=0) is a prototype-assignment tension. It assigns to C1 with p=1.000. C1 is low-risk (soft share 2.4%, anomaly rate 6.6%, lift 0.64x). The closest prototype is C25 (distance 85.36), but the soft assignment favors C1; this assignment/prototype tension makes the case more diagnostic. Its neighborhood distribution is different from its own assignment (11.3% neighbor mass on C1; C1:0.113; C11:0.078; C21:0.077), which is a strong context-break signal. Adhesion percentile=99.8%; context percentile=100.0%; beta-weighted context contribution=0.212; assignment entropy=0.000."
1,weibo,18,4357,1,locally coherent prototype outlier,12.005999565124512,0.997977153736316,11.969120025634766,0.997977153736316,1.843979001045227,0.9568062827225131,0.03687958046793938,7297.97119140625,0.14683040976524353,21,1.0,0.19010620480275878,0.22659067436126606,2.1941181732055193,0.7355248332023621,0.0,21,85.42816392388549,0.997977153736316,85.42816392388549,C21:1.000; C35:0.000; C33:0.000,C21:0.736; C32:0.012; C17:0.011,"#18 node 4357 (labeled anomaly) is a locally coherent prototype outlier. It assigns to C21 with p=1.000. C21 is high-risk (soft share 19.0%, anomaly rate 22.7%, lift 2.19x). Its distance to the assigned prototype is 85.43, at the 99.8% percentile among nodes. Its neighbors mostly agree with C21 (73.6% neighbor mass), so the alert is mainly a within-community residual outlier. Adhesion percentile=99.8%; context percentile=95.7%; beta-weighted context contribution=0.037; assignment entropy=0.000."
1,weibo,19,5212,0,high-risk community prototype outlier,11.742630958557129,0.9978581627796288,11.62021541595459,0.9978581627796288,6.120800495147705,0.9946454069490719,0.12241600453853607,7087.080078125,0.43543460965156555,21,1.0,0.19010620480275878,0.22659067436126606,2.1941181732055193,0.35750678181648254,2.1178380914917714e-42,21,84.18479719120906,0.9978581627796288,84.18479719120906,C21:1.000; C27:0.000; C33:0.000,C21:0.358; C32:0.022; C24:0.020,"#19 node 5212 (label=0) is a high-risk community prototype outlier. It assigns to C21 with p=1.000. C21 is high-risk (soft share 19.0%, anomaly rate 22.7%, lift 2.19x). Its distance to the assigned prototype is 84.18, at the 99.8% percentile among nodes. Its neighbors only partially support C21 (35.8% neighbor mass; C21:0.358; C32:0.022; C24:0.020), adding a moderate context-mismatch signal. Adhesion percentile=99.8%; context percentile=99.5%; beta-weighted context contribution=0.122; assignment entropy=0.000."
1,weibo,20,5311,0,high-risk community prototype outlier,11.447440147399902,0.9977391718229415,11.35848331451416,0.9977391718229415,4.447832107543945,0.9867920038077106,0.08895663917064667,6928.87939453125,0.3225410282611847,21,1.0,0.19010620480275878,0.22659067436126606,2.1941181732055193,0.48590949177742004,3.018126471988456e-36,21,83.23989064463774,0.9977391718229415,83.23989064463774,C21:1.000; C1:0.000; C20:0.000,C21:0.486; C17:0.023; C32:0.022,"#20 node 5311 (label=0) is a high-risk community prototype outlier. It assigns to C21 with p=1.000. C21 is high-risk (soft share 19.0%, anomaly rate 22.7%, lift 2.19x). Its distance to the assigned prototype is 83.24, at the 99.8% percentile among nodes. Its neighbors only partially support C21 (48.6% neighbor mass; C21:0.486; C17:0.023; C32:0.022), adding a moderate context-mismatch signal. Adhesion percentile=99.8%; context percentile=98.7%; beta-weighted context contribution=0.089; assignment entropy=0.000."
1,weibo,21,3496,0,locally coherent prototype outlier,11.24891185760498,0.9976201808662541,11.216465950012207,0.9976201808662541,1.6222949028015137,0.9499048072346502,0.03244589641690254,6843.0390625,0.13187094032764435,21,1.0,0.19010620480275878,0.22659067436126606,2.1941181732055193,0.7599496841430664,0.0,21,82.72266353605885,0.9976201808662541,82.72266353605885,C21:1.000; C35:0.000; C33:0.000,C21:0.760; C1:0.014; C32:0.011,"#21 node 3496 (label=0) is a locally coherent prototype outlier. It assigns to C21 with p=1.000. C21 is high-risk (soft share 19.0%, anomaly rate 22.7%, lift 2.19x). Its distance to the assigned prototype is 82.72, at the 99.8% percentile among nodes. Its neighbors mostly agree with C21 (76.0% neighbor mass), so the alert is mainly a within-community residual outlier. Adhesion percentile=99.8%; context percentile=95.0%; beta-weighted context contribution=0.032; assignment entropy=0.000."
1,weibo,22,3397,1,neighborhood context break,10.8880615234375,0.9975011899095668,10.716320991516113,0.9973821989528796,8.587010383605957,0.997977153736316,0.17174020409584045,6540.732421875,0.6018569469451904,21,1.0,0.19010620480275878,0.22659067436126606,2.1941181732055193,0.20633576810359955,0.0,21,80.87479472539637,0.9973821989528796,80.87479472539637,C21:1.000; C35:0.000; C33:0.000,C21:0.206; C27:0.025; C3:0.025,"#22 node 3397 (labeled anomaly) is a neighborhood context break. It assigns to C21 with p=1.000. C21 is high-risk (soft share 19.0%, anomaly rate 22.7%, lift 2.19x). Its distance to the assigned prototype is 80.87, at the 99.7% percentile among nodes. Its neighborhood distribution is different from its own assignment (20.6% neighbor mass on C21; C21:0.206; C27:0.025; C3:0.025), which is a strong context-break signal. Adhesion percentile=99.7%; context percentile=99.8%; beta-weighted context contribution=0.172; assignment entropy=0.000."
1,weibo,23,2790,0,locally coherent prototype outlier,10.77938175201416,0.9973821989528796,10.742111206054688,0.9975011899095668,1.8635287284851074,0.957163255592575,0.037270572036504745,6556.3212890625,0.14814963936805725,21,1.0,0.19010620480275878,0.22659067436126606,2.1941181732055193,0.7333964705467224,0.0,21,80.97111391763423,0.9975011899095668,80.97111391763423,C21:1.000; C35:0.000; C33:0.000,C21:0.733; C1:0.014; C32:0.011,"#23 node 2790 (label=0) is a locally coherent prototype outlier. It assigns to C21 with p=1.000. C21 is high-risk (soft share 19.0%, anomaly rate 22.7%, lift 2.19x). Its distance to the assigned prototype is 80.97, at the 99.8% percentile among nodes. Its neighbors mostly agree with C21 (73.3% neighbor mass), so the alert is mainly a within-community residual outlier. Adhesion percentile=99.8%; context percentile=95.7%; beta-weighted context contribution=0.037; assignment entropy=0.000."
1,weibo,24,2250,1,high-risk community prototype outlier,10.309617042541504,0.9972632079961923,10.21812629699707,0.9972632079961923,4.5745158195495605,0.9876249405045217,0.09149031341075897,6239.60498046875,0.3310897946357727,21,1.0,0.19010620480275878,0.22659067436126606,2.1941181732055193,0.47537630796432495,0.0,21,78.99117026901646,0.9972632079961923,78.99117026901646,C21:1.000; C35:0.000; C33:0.000,C21:0.475; C16:0.020; C32:0.017,"#24 node 2250 (labeled anomaly) is a high-risk community prototype outlier. It assigns to C21 with p=1.000. C21 is high-risk (soft share 19.0%, anomaly rate 22.7%, lift 2.19x). Its distance to the assigned prototype is 78.99, at the 99.7% percentile among nodes. Its neighbors only partially support C21 (47.5% neighbor mass; C21:0.475; C16:0.020; C32:0.017), adding a moderate context-mismatch signal. Adhesion percentile=99.7%; context percentile=98.8%; beta-weighted context contribution=0.091; assignment entropy=0.000."
1,weibo,25,7979,1,high-risk community prototype outlier,9.59411334991455,0.997144217039505,9.448237419128418,0.997144217039505,7.293806076049805,0.996311280342694,0.14587612450122833,5774.25537109375,0.5145902037620544,21,1.0,0.19010620480275878,0.22659067436126606,2.1941181732055193,0.2803351581096649,6.968135165068705e-14,21,75.98852131140433,0.997144217039505,75.98852131140433,C21:1.000; C20:0.000; C30:0.000,C21:0.280; C27:0.111; C10:0.032,"#25 node 7979 (labeled anomaly) is a high-risk community prototype outlier. It assigns to C21 with p=1.000. C21 is high-risk (soft share 19.0%, anomaly rate 22.7%, lift 2.19x). Its distance to the assigned prototype is 75.99, at the 99.7% percentile among nodes. Its neighborhood distribution is different from its own assignment (28.0% neighbor mass on C21; C21:0.280; C27:0.111; C10:0.032), which is a strong context-break signal. Adhesion percentile=99.7%; context percentile=99.6%; beta-weighted context contribution=0.146; assignment entropy=0.000."
1,weibo,26,5245,1,prototype-assignment tension,8.154515266418457,0.9970252260828177,8.096234321594238,0.9970252260828177,2.914045572280884,0.9732270347453593,0.058280911296606064,4957.0537109375,0.21903957426548004,14,0.2832370698451996,0.02237013454312444,0.08680012072575363,0.8405011497391307,0.10188847780227661,0.4777738094229157,24,70.45980056808102,0.9970252260828177,70.08438691365217,C14:0.283; C24:0.273; C26:0.272,C24:0.144; C26:0.130; C14:0.102,"#26 node 5245 (labeled anomaly) is a prototype-assignment tension. It assigns to C14 with p=0.283. C14 is baseline-risk (soft share 2.2%, anomaly rate 8.7%, lift 0.84x). The closest prototype is C24 (distance 70.08), but the soft assignment favors C14; this assignment/prototype tension makes the case more diagnostic. Its neighborhood distribution is different from its own assignment (10.2% neighbor mass on C14; C24:0.144; C26:0.130; C14:0.102), which is a strong context-break signal. Adhesion percentile=99.7%; context percentile=97.3%; beta-weighted context contribution=0.058; assignment entropy=0.478."
1,weibo,27,7287,1,prototype-distance anomaly,7.918026924133301,0.9969062351261304,7.812714099884033,0.9969062351261304,5.265635967254639,0.992265587815326,0.10531271994113922,4785.68359375,0.3777272701263428,19,0.9999183416366577,0.024303699972231002,0.07020609187471413,0.679818189721486,0.41979020833969116,0.00025781440635834377,19,69.17850127794401,0.9969062351261304,69.17850127794401,C19:1.000; C22:0.000; C30:0.000,C19:0.420; C22:0.044; C30:0.030,"#27 node 7287 (labeled anomaly) is a prototype-distance anomaly. It assigns to C19 with p=1.000. C19 is low-risk (soft share 2.4%, anomaly rate 7.0%, lift 0.68x). Its distance to the assigned prototype is 69.18, at the 99.7% percentile among nodes. Its neighbors only partially support C19 (42.0% neighbor mass; C19:0.420; C22:0.044; C30:0.030), adding a moderate context-mismatch signal. Adhesion percentile=99.7%; context percentile=99.2%; beta-weighted context contribution=0.105; assignment entropy=0.000."
1,weibo,28,6637,0,neighborhood context break,7.768153667449951,0.9967872441694431,7.611418724060059,0.9967872441694431,7.836747646331787,0.9965492622560685,0.15673494338989258,4664.01318359375,0.5512284636497498,21,1.0,0.19010620480275878,0.22659067436126606,2.1941181732055193,0.24790801107883453,0.0,21,68.2935808373946,0.9967872441694431,68.2935808373946,C21:1.000; C35:0.000; C33:0.000,C21:0.248; C1:0.033; C17:0.026,"#28 node 6637 (label=0) is a neighborhood context break. It assigns to C21 with p=1.000. C21 is high-risk (soft share 19.0%, anomaly rate 22.7%, lift 2.19x). Its distance to the assigned prototype is 68.29, at the 99.7% percentile among nodes. Its neighborhood distribution is different from its own assignment (24.8% neighbor mass on C21; C21:0.248; C1:0.033; C17:0.026), which is a strong context-break signal. Adhesion percentile=99.7%; context percentile=99.7%; beta-weighted context contribution=0.157; assignment entropy=0.000."
1,weibo,29,6759,0,neighborhood context break,7.766663074493408,0.9966682532127559,7.6070332527160645,0.9966682532127559,7.981482982635498,0.9967872441694431,0.15962965786457062,4661.3623046875,0.56099534034729,21,1.0,0.19010620480275878,0.22659067436126606,2.1941181732055193,0.239600270986557,0.0,21,68.27417011350266,0.9966682532127559,68.27417011350266,C21:1.000; C35:0.000; C33:0.000,C21:0.240; C32:0.025; C4:0.025,"#29 node 6759 (label=0) is a neighborhood context break. It assigns to C21 with p=1.000. C21 is high-risk (soft share 19.0%, anomaly rate 22.7%, lift 2.19x). Its distance to the assigned prototype is 68.27, at the 99.7% percentile among nodes. Its neighborhood distribution is different from its own assignment (24.0% neighbor mass on C21; C21:0.240; C32:0.025; C4:0.025), which is a strong context-break signal. Adhesion percentile=99.7%; context percentile=99.7%; beta-weighted context contribution=0.160; assignment entropy=0.000."
1,weibo,30,5731,1,mixed-community boundary anomaly,7.6000165939331055,0.9965492622560685,7.542544841766357,0.9965492622560685,2.8735787868499756,0.9725130890052356,0.05747157335281372,4622.38330078125,0.2163088321685791,24,0.39982321858406067,0.02232963203461946,0.0937802570164977,0.9080910623873228,0.13983659446239471,0.4663630538557374,24,67.71208002454215,0.9965492622560685,67.71208002454215,C24:0.400; C26:0.239; C14:0.197,C24:0.140; C26:0.131; C14:0.105,"#30 node 5731 (labeled anomaly) is a mixed-community boundary anomaly. It assigns to C24 with p=0.400. C24 is baseline-risk (soft share 2.2%, anomaly rate 9.4%, lift 0.91x). Its distance to the assigned prototype is 67.71, at the 99.7% percentile among nodes. Its neighborhood distribution is different from its own assignment (14.0% neighbor mass on C24; C24:0.140; C26:0.131; C14:0.105), which is a strong context-break signal. Adhesion percentile=99.7%; context percentile=97.3%; beta-weighted context contribution=0.057; assignment entropy=0.466."
2,weibo,1,3947,1,locally coherent prototype outlier,34.2874755859375,1.0,34.261024475097656,1.0,1.322521448135376,0.9480009519276535,0.02645042911171913,20832.697265625,0.10639593005180359,33,1.0,0.24978682355182927,0.18678728154968363,1.8086947758423493,0.8027989268302917,0.0,33,144.33536387741225,1.0,144.33536387741225,C33:1.000; C35:0.000; C34:0.000,C33:0.803; C25:0.011; C22:0.009,"#1 node 3947 (labeled anomaly) is a locally coherent prototype outlier. It assigns to C33 with p=1.000. C33 is elevated-risk (soft share 25.0%, anomaly rate 18.7%, lift 1.81x). Its distance to the assigned prototype is 144.34, at the 100.0% percentile among nodes. Its neighbors mostly agree with C33 (80.3% neighbor mass), so the alert is mainly a within-community residual outlier. Adhesion percentile=100.0%; context percentile=94.8%; beta-weighted context contribution=0.026; assignment entropy=0.000."
2,weibo,2,2109,1,locally coherent prototype outlier,25.419092178344727,0.9998810090433127,25.417587280273438,0.9998810090433127,0.07521074265241623,0.8435268919562113,0.0015042148297652602,15471.67578125,0.02558697760105133,33,1.0,0.24978682355182927,0.18678728154968363,1.8086947758423493,0.9497596025466919,0.0,33,124.38519116538752,0.9998810090433127,124.38519116538752,C33:1.000; C35:0.000; C34:0.000,C33:0.950; C25:0.002; C5:0.002,"#2 node 2109 (labeled anomaly) is a locally coherent prototype outlier. It assigns to C33 with p=1.000. C33 is elevated-risk (soft share 25.0%, anomaly rate 18.7%, lift 1.81x). Its distance to the assigned prototype is 124.39, at the 100.0% percentile among nodes. Its neighbors mostly agree with C33 (95.0% neighbor mass), so the alert is mainly a within-community residual outlier. Adhesion percentile=100.0%; context percentile=84.4%; beta-weighted context contribution=0.002; assignment entropy=0.000."
2,weibo,3,3706,1,high-risk community prototype outlier,22.228473663330078,0.9997620180866255,22.123075485229492,0.9997620180866255,5.269861221313477,0.9901237505949548,0.10539722442626953,13474.494140625,0.36213046312332153,33,1.0,0.24978682355182927,0.18678728154968363,1.8086947758423493,0.43827885389328003,0.0,33,116.07968875141336,0.9997620180866255,116.07968875141336,C33:1.000; C35:0.000; C34:0.000,C33:0.438; C35:0.047; C25:0.021,"#3 node 3706 (labeled anomaly) is a high-risk community prototype outlier. It assigns to C33 with p=1.000. C33 is elevated-risk (soft share 25.0%, anomaly rate 18.7%, lift 1.81x). Its distance to the assigned prototype is 116.08, at the 100.0% percentile among nodes. Its neighbors only partially support C33 (43.8% neighbor mass; C33:0.438; C35:0.047; C25:0.021), adding a moderate context-mismatch signal. Adhesion percentile=100.0%; context percentile=99.0%; beta-weighted context contribution=0.105; assignment entropy=0.000."
2,weibo,4,7575,0,high-risk community prototype outlier,20.42717170715332,0.9996430271299381,20.28294563293457,0.9995240361732508,7.211315631866455,0.995478343645883,0.1442263126373291,12358.9794921875,0.48791056871414185,33,1.0,0.24978682355182927,0.18678728154968363,1.8086947758423493,0.3052346408367157,0.0,33,111.17094715881258,0.9995240361732508,111.17094715881258,C33:1.000; C35:0.000; C34:0.000,C33:0.305; C10:0.025; C22:0.024,"#4 node 7575 (label=0) is a high-risk community prototype outlier. It assigns to C33 with p=1.000. C33 is elevated-risk (soft share 25.0%, anomaly rate 18.7%, lift 1.81x). Its distance to the assigned prototype is 111.17, at the 100.0% percentile among nodes. Its neighborhood distribution is different from its own assignment (30.5% neighbor mass on C33; C33:0.305; C10:0.025; C22:0.024), which is a strong context-break signal. Adhesion percentile=100.0%; context percentile=99.5%; beta-weighted context contribution=0.144; assignment entropy=0.000."
2,weibo,5,1454,1,high-risk community prototype outlier,20.404943466186523,0.9995240361732508,20.284460067749023,0.9996430271299381,6.024194717407227,0.9930985245121371,0.1204838901758194,12359.8984375,0.4110011160373688,33,1.0,0.24978682355182927,0.18678728154968363,1.8086947758423493,0.3833957016468048,0.0,33,111.17508011015778,0.9996430271299381,111.17508011015778,C33:1.000; C35:0.000; C34:0.000,C33:0.383; C9:0.046; C2:0.036,"#5 node 1454 (labeled anomaly) is a high-risk community prototype outlier. It assigns to C33 with p=1.000. C33 is elevated-risk (soft share 25.0%, anomaly rate 18.7%, lift 1.81x). Its distance to the assigned prototype is 111.18, at the 100.0% percentile among nodes. Its neighbors only partially support C33 (38.3% neighbor mass; C33:0.383; C9:0.046; C2:0.036), adding a moderate context-mismatch signal. Adhesion percentile=100.0%; context percentile=99.3%; beta-weighted context contribution=0.120; assignment entropy=0.000."
2,weibo,6,2696,1,neighborhood context break,19.83024024963379,0.9994050452165636,19.579343795776367,0.9992860542598763,12.544817924499512,0.9996430271299381,0.2508963644504547,11932.4462890625,0.8334497809410095,17,0.9786005616188049,0.021010087176067074,0.08022912384424835,0.7768730074317345,0.037911929190158844,0.03947173640186932,17,109.22315799402386,0.9994050452165636,109.22315799402386,C17:0.979; C30:0.007; C29:0.006,C33:0.065; C17:0.038; C0:0.035,"#6 node 2696 (labeled anomaly) is a neighborhood context break. It assigns to C17 with p=0.979. C17 is low-risk (soft share 2.1%, anomaly rate 8.0%, lift 0.78x). Its distance to the assigned prototype is 109.22, at the 99.9% percentile among nodes. Its neighborhood distribution is different from its own assignment (3.8% neighbor mass on C17; C33:0.065; C17:0.038; C0:0.035), which is a strong context-break signal. Adhesion percentile=99.9%; context percentile=100.0%; beta-weighted context contribution=0.251; assignment entropy=0.039."
2,weibo,7,4704,1,prototype-assignment tension,19.791563034057617,0.9992860542598763,19.602519989013672,0.9994050452165636,9.452125549316406,0.9984531175630652,0.18904250860214233,11946.49609375,0.6330848932266235,12,0.38726404309272766,0.02049272073159113,0.07423814385480094,0.7188612728040353,0.029103178530931473,0.4591803389449132,4,109.17759864951692,0.9992860542598763,108.55581171827006,C12:0.387; C0:0.192; C1:0.147,C33:0.059; C0:0.030; C7:0.030,"#7 node 4704 (labeled anomaly) is a prototype-assignment tension. It assigns to C12 with p=0.387. C12 is low-risk (soft share 2.0%, anomaly rate 7.4%, lift 0.72x). The closest prototype is C4 (distance 108.56), but the soft assignment favors C12; this assignment/prototype tension makes the case more diagnostic. Its neighborhood distribution is different from its own assignment (2.9% neighbor mass on C12; C33:0.059; C0:0.030; C7:0.030), which is a strong context-break signal. Adhesion percentile=99.9%; context percentile=99.8%; beta-weighted context contribution=0.189; assignment entropy=0.459."
2,weibo,8,7295,1,prototype-assignment tension,18.57941246032715,0.9991670633031889,18.32062339782715,0.9991670633031889,12.939431190490723,1.0,0.2587886154651642,11169.390625,0.8590154051780701,25,0.9490249156951904,0.02732954053634834,0.06053144052122458,0.5861368040512405,0.022076746448874474,0.07029965196026416,4,105.68215447007834,0.9991670633031889,104.8092156238539,C25:0.949; C7:0.029; C11:0.018,C33:0.068; C22:0.033; C7:0.032,"#8 node 7295 (labeled anomaly) is a prototype-assignment tension. It assigns to C25 with p=0.949. C25 is low-risk (soft share 2.7%, anomaly rate 6.1%, lift 0.59x). The closest prototype is C4 (distance 104.81), but the soft assignment favors C25; this assignment/prototype tension makes the case more diagnostic. Its neighborhood distribution is different from its own assignment (2.2% neighbor mass on C25; C33:0.068; C22:0.033; C7:0.032), which is a strong context-break signal. Adhesion percentile=99.9%; context percentile=100.0%; beta-weighted context contribution=0.259; assignment entropy=0.070."
2,weibo,9,6817,1,high-risk community prototype outlier,18.406042098999023,0.9990480723465016,18.295339584350586,0.9990480723465016,5.535080909729004,0.9909566872917658,0.11070161312818527,11154.0634765625,0.3793131113052368,33,1.0,0.24978682355182927,0.18678728154968363,1.8086947758423493,0.4185003936290741,0.0,33,105.61279977617534,0.9990480723465016,105.61279977617534,C33:1.000; C35:0.000; C34:0.000,C33:0.419; C25:0.026; C5:0.020,"#9 node 6817 (labeled anomaly) is a high-risk community prototype outlier. It assigns to C33 with p=1.000. C33 is elevated-risk (soft share 25.0%, anomaly rate 18.7%, lift 1.81x). Its distance to the assigned prototype is 105.61, at the 99.9% percentile among nodes. Its neighbors only partially support C33 (41.9% neighbor mass; C33:0.419; C25:0.026; C5:0.020), adding a moderate context-mismatch signal. Adhesion percentile=99.9%; context percentile=99.1%; beta-weighted context contribution=0.111; assignment entropy=0.000."
2,weibo,10,5212,0,prototype-assignment tension,17.93484878540039,0.9989290813898144,17.70183753967285,0.9989290813898144,11.650590896606445,0.9991670633031889,0.23301181197166443,10794.2744140625,0.7755158543586731,30,0.6175215840339661,0.020841312805575177,0.07909029377295619,0.7658455114297092,0.021983670070767403,0.2368798187440186,4,103.87682384078751,0.9989290813898144,103.26563800310102,C30:0.618; C35:0.344; C26:0.018,C33:0.240; C35:0.039; C12:0.039,"#10 node 5212 (label=0) is a prototype-assignment tension. It assigns to C30 with p=0.618. C30 is low-risk (soft share 2.1%, anomaly rate 7.9%, lift 0.77x). The closest prototype is C4 (distance 103.27), but the soft assignment favors C30; this assignment/prototype tension makes the case more diagnostic. Its neighborhood distribution is different from its own assignment (2.2% neighbor mass on C30; C33:0.240; C35:0.039; C12:0.039), which is a strong context-break signal. Adhesion percentile=99.9%; context percentile=99.9%; beta-weighted context contribution=0.233; assignment entropy=0.237."
2,weibo,11,2753,1,prototype-assignment tension,16.211721420288086,0.9988100904331271,16.003110885620117,0.9988100904331271,10.430562019348145,0.9988100904331271,0.20861123502254486,9764.48046875,0.6964744329452515,33,1.0,0.24978682355182927,0.18678728154968363,1.8086947758423493,0.13816796243190765,1.7510881237664823e-37,21,98.81538578961275,0.9988100904331271,98.6334359509999,C33:1.000; C20:0.000; C10:0.000,C33:0.138; C22:0.035; C13:0.031,"#11 node 2753 (labeled anomaly) is a prototype-assignment tension. It assigns to C33 with p=1.000. C33 is elevated-risk (soft share 25.0%, anomaly rate 18.7%, lift 1.81x). The closest prototype is C21 (distance 98.63), but the soft assignment favors C33; this assignment/prototype tension makes the case more diagnostic. Its neighborhood distribution is different from its own assignment (13.8% neighbor mass on C33; C33:0.138; C22:0.035; C13:0.031), which is a strong context-break signal. Adhesion percentile=99.9%; context percentile=99.9%; beta-weighted context contribution=0.209; assignment entropy=0.000."
2,weibo,12,5167,1,high-risk community prototype outlier,14.381903648376465,0.9986910994764397,14.24372386932373,0.9986910994764397,6.90899658203125,0.9945264159923846,0.1381799280643463,8697.9140625,0.46832436323165894,33,1.0,0.24978682355182927,0.18678728154968363,1.8086947758423493,0.32422471046447754,2.773766936470185e-43,33,93.2626080618594,0.9986910994764397,93.2626080618594,C33:1.000; C3:0.000; C34:0.000,C33:0.324; C35:0.030; C12:0.029,"#12 node 5167 (labeled anomaly) is a high-risk community prototype outlier. It assigns to C33 with p=1.000. C33 is elevated-risk (soft share 25.0%, anomaly rate 18.7%, lift 1.81x). Its distance to the assigned prototype is 93.26, at the 99.9% percentile among nodes. Its neighborhood distribution is different from its own assignment (32.4% neighbor mass on C33; C33:0.324; C35:0.030; C12:0.029), which is a strong context-break signal. Adhesion percentile=99.9%; context percentile=99.5%; beta-weighted context contribution=0.138; assignment entropy=0.000."
2,weibo,13,2832,1,prototype-assignment tension,14.311993598937988,0.9985721085197525,14.22285270690918,0.9985721085197525,4.457061767578125,0.987743931461209,0.08914123475551605,8685.26171875,0.309471994638443,33,1.0,0.24978682355182927,0.18678728154968363,1.8086947758423493,0.5022818446159363,0.0,21,93.19475156225269,0.9985721085197525,93.1663603621232,C33:1.000; C35:0.000; C34:0.000,C33:0.502; C9:0.046; C5:0.016,"#13 node 2832 (labeled anomaly) is a prototype-assignment tension. It assigns to C33 with p=1.000. C33 is elevated-risk (soft share 25.0%, anomaly rate 18.7%, lift 1.81x). The closest prototype is C21 (distance 93.17), but the soft assignment favors C33; this assignment/prototype tension makes the case more diagnostic. Its neighbors only partially support C33 (50.2% neighbor mass; C33:0.502; C9:0.046; C5:0.016), adding a moderate context-mismatch signal. Adhesion percentile=99.9%; context percentile=98.8%; beta-weighted context contribution=0.089; assignment entropy=0.000."
2,weibo,14,976,0,high-risk community prototype outlier,14.262221336364746,0.9984531175630652,14.146330833435059,0.9984531175630652,5.79451322555542,0.9919086149452642,0.1158902645111084,8638.873046875,0.3961208462715149,33,1.0,0.24978682355182927,0.18678728154968363,1.8086947758423493,0.3996620774269104,0.0,33,92.94553806867223,0.9984531175630652,92.94553806867223,C33:1.000; C35:0.000; C34:0.000,C33:0.400; C11:0.056; C9:0.049,"#14 node 976 (label=0) is a high-risk community prototype outlier. It assigns to C33 with p=1.000. C33 is elevated-risk (soft share 25.0%, anomaly rate 18.7%, lift 1.81x). Its distance to the assigned prototype is 92.95, at the 99.8% percentile among nodes. Its neighbors only partially support C33 (40.0% neighbor mass; C33:0.400; C11:0.056; C9:0.049), adding a moderate context-mismatch signal. Adhesion percentile=99.8%; context percentile=99.2%; beta-weighted context contribution=0.116; assignment entropy=0.000."
2,weibo,15,1383,1,locally coherent prototype outlier,13.68493938446045,0.9983341266063779,13.6660795211792,0.9983341266063779,0.9429892897605896,0.9269395525940028,0.018859785050153732,8347.7373046875,0.08180735260248184,33,1.0,0.24978682355182927,0.18678728154968363,1.8086947758423493,0.8457005023956299,0.0,33,91.36595265572127,0.9983341266063779,91.36595265572127,C33:1.000; C35:0.000; C34:0.000,C33:0.846; C2:0.006; C20:0.006,"#15 node 1383 (labeled anomaly) is a locally coherent prototype outlier. It assigns to C33 with p=1.000. C33 is elevated-risk (soft share 25.0%, anomaly rate 18.7%, lift 1.81x). Its distance to the assigned prototype is 91.37, at the 99.8% percentile among nodes. Its neighbors mostly agree with C33 (84.6% neighbor mass), so the alert is mainly a within-community residual outlier. Adhesion percentile=99.8%; context percentile=92.7%; beta-weighted context contribution=0.019; assignment entropy=0.000."
2,weibo,16,6574,1,locally coherent prototype outlier,13.63708209991455,0.9982151356496907,13.586846351623535,0.9982151356496907,2.511782646179199,0.9765587815326036,0.050235651433467865,8299.705078125,0.1834440529346466,33,1.0,0.24978682355182927,0.18678728154968363,1.8086947758423493,0.6779704093933105,0.0,33,91.10271718299624,0.9982151356496907,91.10271718299624,C33:1.000; C35:0.000; C34:0.000,C33:0.678; C25:0.015; C21:0.013,"#16 node 6574 (labeled anomaly) is a locally coherent prototype outlier. It assigns to C33 with p=1.000. C33 is elevated-risk (soft share 25.0%, anomaly rate 18.7%, lift 1.81x). Its distance to the assigned prototype is 91.10, at the 99.8% percentile among nodes. Its neighbors only partially support C33 (67.8% neighbor mass; C33:0.678; C25:0.015; C21:0.013), adding a moderate context-mismatch signal. Adhesion percentile=99.8%; context percentile=97.7%; beta-weighted context contribution=0.050; assignment entropy=0.000."
2,weibo,17,2626,0,high-risk community prototype outlier,12.191384315490723,0.9980961446930033,12.114326477050781,0.9980961446930033,3.8529086112976074,0.9860780580675869,0.07705817371606827,7407.0419921875,0.2703309655189514,33,1.0,0.24978682355182927,0.18678728154968363,1.8086947758423493,0.5533169507980347,0.0,33,86.06417368561381,0.9980961446930033,86.06417368561381,C33:1.000; C35:0.000; C34:0.000,C33:0.553; C12:0.022; C14:0.018,"#17 node 2626 (label=0) is a high-risk community prototype outlier. It assigns to C33 with p=1.000. C33 is elevated-risk (soft share 25.0%, anomaly rate 18.7%, lift 1.81x). Its distance to the assigned prototype is 86.06, at the 99.8% percentile among nodes. Its neighbors only partially support C33 (55.3% neighbor mass; C33:0.553; C12:0.022; C14:0.018), adding a moderate context-mismatch signal. Adhesion percentile=99.8%; context percentile=98.6%; beta-weighted context contribution=0.077; assignment entropy=0.000."
2,weibo,18,5168,1,high-risk community prototype outlier,11.47971248626709,0.997977153736316,11.385051727294922,0.997977153736316,4.733022212982178,0.9891718229414564,0.0946604385972023,6964.9443359375,0.3273504972457886,33,1.0,0.24978682355182927,0.18678728154968363,1.8086947758423493,0.4799666702747345,3.176234540928898e-36,33,83.45624204298622,0.997977153736316,83.45624204298622,C33:1.000; C3:0.000; C19:0.000,C33:0.480; C14:0.053; C3:0.029,"#18 node 5168 (labeled anomaly) is a high-risk community prototype outlier. It assigns to C33 with p=1.000. C33 is elevated-risk (soft share 25.0%, anomaly rate 18.7%, lift 1.81x). Its distance to the assigned prototype is 83.46, at the 99.8% percentile among nodes. Its neighbors only partially support C33 (48.0% neighbor mass; C33:0.480; C14:0.053; C3:0.029), adding a moderate context-mismatch signal. Adhesion percentile=99.8%; context percentile=98.9%; beta-weighted context contribution=0.095; assignment entropy=0.000."
2,weibo,19,7287,1,prototype-distance anomaly,10.932526588439941,0.9978581627796288,10.7732572555542,0.9978581627796288,7.963473320007324,0.9967872441694431,0.15926946699619293,6594.0654296875,0.5366402864456177,3,0.9999932050704956,0.02266422342076889,0.06395747971665801,0.6193117565597885,0.260530561208725,2.4763377402885402e-05,3,81.20384506367294,0.9978581627796288,81.20384506367294,C3:1.000; C16:0.000; C11:0.000,C3:0.261; C16:0.198; C28:0.025,"#19 node 7287 (labeled anomaly) is a prototype-distance anomaly. It assigns to C3 with p=1.000. C3 is low-risk (soft share 2.3%, anomaly rate 6.4%, lift 0.62x). Its distance to the assigned prototype is 81.20, at the 99.8% percentile among nodes. Its neighborhood distribution is different from its own assignment (26.1% neighbor mass on C3; C3:0.261; C16:0.198; C28:0.025), which is a strong context-break signal. Adhesion percentile=99.8%; context percentile=99.7%; beta-weighted context contribution=0.159; assignment entropy=0.000."
2,weibo,20,2250,1,high-risk community prototype outlier,10.547416687011719,0.9977391718229415,10.395654678344727,0.9977391718229415,7.588119029998779,0.996311280342694,0.15176238119602203,6365.1572265625,0.5123223662376404,33,1.0,0.24978682355182927,0.18678728154968363,1.8086947758423493,0.2824089527130127,6.57357390546427e-39,33,79.78193546513208,0.9977391718229415,79.78193546513208,C33:1.000; C20:0.000; C10:0.000,C33:0.282; C10:0.034; C35:0.030,"#20 node 2250 (labeled anomaly) is a high-risk community prototype outlier. It assigns to C33 with p=1.000. C33 is elevated-risk (soft share 25.0%, anomaly rate 18.7%, lift 1.81x). Its distance to the assigned prototype is 79.78, at the 99.8% percentile among nodes. Its neighborhood distribution is different from its own assignment (28.2% neighbor mass on C33; C33:0.282; C10:0.034; C35:0.030), which is a strong context-break signal. Adhesion percentile=99.8%; context percentile=99.6%; beta-weighted context contribution=0.152; assignment entropy=0.000."
2,weibo,21,7151,0,high-risk community prototype outlier,9.472630500793457,0.9976201808662541,9.398818016052246,0.9976201808662541,3.690645933151245,0.9846501665873394,0.07381291687488556,5760.8603515625,0.25981852412223816,33,1.0,0.24978682355182927,0.18678728154968363,1.8086947758423493,0.5675483345985413,0.0,33,75.90033169599788,0.9976201808662541,75.90033169599788,C33:1.000; C35:0.000; C34:0.000,C33:0.568; C30:0.032; C2:0.029,"#21 node 7151 (label=0) is a high-risk community prototype outlier. It assigns to C33 with p=1.000. C33 is elevated-risk (soft share 25.0%, anomaly rate 18.7%, lift 1.81x). Its distance to the assigned prototype is 75.90, at the 99.8% percentile among nodes. Its neighbors only partially support C33 (56.8% neighbor mass; C33:0.568; C30:0.032; C2:0.029), adding a moderate context-mismatch signal. Adhesion percentile=99.8%; context percentile=98.5%; beta-weighted context contribution=0.074; assignment entropy=0.000."
2,weibo,22,3397,1,prototype-assignment tension,9.313448905944824,0.9975011899095668,9.06212329864502,0.9973821989528796,12.566286087036133,0.9997620180866255,0.25132572650909424,5556.75048828125,0.8348405957221985,33,1.0,0.24978682355182927,0.18678728154968363,1.8086947758423493,0.05943998694419861,5.108461857458236e-30,21,74.54361467142071,0.9973821989528796,74.14628699402283,C33:1.000; C19:0.000; C0:0.000,C33:0.059; C1:0.037; C29:0.036,"#22 node 3397 (labeled anomaly) is a prototype-assignment tension. It assigns to C33 with p=1.000. C33 is elevated-risk (soft share 25.0%, anomaly rate 18.7%, lift 1.81x). The closest prototype is C21 (distance 74.15), but the soft assignment favors C33; this assignment/prototype tension makes the case more diagnostic. Its neighborhood distribution is different from its own assignment (5.9% neighbor mass on C33; C33:0.059; C1:0.037; C29:0.036), which is a strong context-break signal. Adhesion percentile=99.7%; context percentile=100.0%; beta-weighted context contribution=0.251; assignment entropy=0.000."
2,weibo,23,6759,0,high-risk community prototype outlier,9.267465591430664,0.9973821989528796,9.177191734313965,0.9975011899095668,4.513686656951904,0.9883388862446454,0.09027373045682907,5626.5068359375,0.31314051151275635,33,1.0,0.24978682355182927,0.18678728154968363,1.8086947758423493,0.4976530075073242,0.0,33,75.01004490024987,0.9975011899095668,75.01004490024987,C33:1.000; C35:0.000; C34:0.000,C33:0.498; C35:0.024; C25:0.020,"#23 node 6759 (label=0) is a high-risk community prototype outlier. It assigns to C33 with p=1.000. C33 is elevated-risk (soft share 25.0%, anomaly rate 18.7%, lift 1.81x). Its distance to the assigned prototype is 75.01, at the 99.8% percentile among nodes. Its neighbors only partially support C33 (49.8% neighbor mass; C33:0.498; C35:0.024; C25:0.020), adding a moderate context-mismatch signal. Adhesion percentile=99.8%; context percentile=98.8%; beta-weighted context contribution=0.090; assignment entropy=0.000."
2,weibo,24,5311,0,neighborhood context break,9.199238777160645,0.9972632079961923,8.952336311340332,0.9972632079961923,12.345133781433105,0.9995240361732508,0.2469026744365692,5490.19580078125,0.8205128908157349,9,0.9517752528190613,0.022812372555979513,0.07257433127103288,0.7027502768985587,0.04282090440392494,0.06714435247581443,9,74.07998211392872,0.9972632079961923,74.07998211392872,C9:0.952; C30:0.028; C34:0.017,C33:0.389; C9:0.043; C2:0.033,"#24 node 5311 (label=0) is a neighborhood context break. It assigns to C9 with p=0.952. C9 is low-risk (soft share 2.3%, anomaly rate 7.3%, lift 0.70x). Its distance to the assigned prototype is 74.08, at the 99.7% percentile among nodes. Its neighborhood distribution is different from its own assignment (4.3% neighbor mass on C9; C33:0.389; C9:0.043; C2:0.033), which is a strong context-break signal. Adhesion percentile=99.7%; context percentile=100.0%; beta-weighted context contribution=0.247; assignment entropy=0.067."
2,weibo,25,2790,0,prototype-assignment tension,8.876519203186035,0.997144217039505,8.621674537658691,0.997144217039505,12.74223518371582,0.9998810090433127,0.25484469532966614,5289.74365234375,0.8462397456169128,33,0.9998903274536133,0.24978682355182927,0.18678728154968363,1.8086947758423493,0.05373808741569519,0.00035638139281778586,21,72.73060711239457,0.997144217039505,72.61397963934012,C33:1.000; C11:0.000; C19:0.000,C33:0.054; C9:0.052; C30:0.035,"#25 node 2790 (label=0) is a prototype-assignment tension. It assigns to C33 with p=1.000. C33 is elevated-risk (soft share 25.0%, anomaly rate 18.7%, lift 1.81x). The closest prototype is C21 (distance 72.61), but the soft assignment favors C33; this assignment/prototype tension makes the case more diagnostic. Its neighborhood distribution is different from its own assignment (5.4% neighbor mass on C33; C33:0.054; C9:0.052; C30:0.035), which is a strong context-break signal. Adhesion percentile=99.7%; context percentile=100.0%; beta-weighted context contribution=0.255; assignment entropy=0.000."
2,weibo,26,7979,1,prototype-assignment tension,8.534721374511719,0.9970252260828177,8.365020751953125,0.9970252260828177,8.485034942626953,0.9978581627796288,0.16970069706439972,5134.1572265625,0.5704304575920105,11,0.326126366853714,0.020610824303567445,0.07667606545265057,0.7424681052465909,0.024060731753706932,0.4606294940132417,35,71.66655235577124,0.9970252260828177,71.5115061218298,C11:0.326; C35:0.266; C12:0.228,C33:0.128; C9:0.079; C35:0.072,"#26 node 7979 (labeled anomaly) is a prototype-assignment tension. It assigns to C11 with p=0.326. C11 is low-risk (soft share 2.1%, anomaly rate 7.7%, lift 0.74x). The closest prototype is C35 (distance 71.51), but the soft assignment favors C11; this assignment/prototype tension makes the case more diagnostic. Its neighborhood distribution is different from its own assignment (2.4% neighbor mass on C11; C33:0.128; C9:0.079; C35:0.072), which is a strong context-break signal. Adhesion percentile=99.7%; context percentile=99.8%; beta-weighted context contribution=0.170; assignment entropy=0.461."
2,weibo,27,480,1,neighborhood context break,8.373634338378906,0.9969062351261304,8.140254974365234,0.9969062351261304,11.668972969055176,0.9992860542598763,0.23337945342063904,4997.900390625,0.7767068147659302,9,0.9327496886253357,0.022812372555979513,0.07257433127103288,0.7027502768985587,0.04676572605967522,0.09533299528341056,9,70.67163490728618,0.9969062351261304,70.67163490728618,C9:0.933; C14:0.045; C17:0.006,C33:0.357; C9:0.047; C35:0.031,"#27 node 480 (labeled anomaly) is a neighborhood context break. It assigns to C9 with p=0.933. C9 is low-risk (soft share 2.3%, anomaly rate 7.3%, lift 0.70x). Its distance to the assigned prototype is 70.67, at the 99.7% percentile among nodes. Its neighborhood distribution is different from its own assignment (4.7% neighbor mass on C9; C33:0.357; C9:0.047; C35:0.031), which is a strong context-break signal. Adhesion percentile=99.7%; context percentile=99.9%; beta-weighted context contribution=0.233; assignment entropy=0.095."
2,weibo,28,4357,1,locally coherent prototype outlier,7.5358357429504395,0.9967872441694431,7.481775760650635,0.9967872441694431,2.703007698059082,0.979176582579724,0.05406015366315842,4598.720703125,0.19583286345005035,33,1.0,0.24978682355182927,0.18678728154968363,1.8086947758423493,0.6591922044754028,0.0,33,67.8138680737576,0.9967872441694431,67.8138680737576,C33:1.000; C35:0.000; C34:0.000,C33:0.659; C25:0.032; C22:0.014,"#28 node 4357 (labeled anomaly) is a locally coherent prototype outlier. It assigns to C33 with p=1.000. C33 is elevated-risk (soft share 25.0%, anomaly rate 18.7%, lift 1.81x). Its distance to the assigned prototype is 67.81, at the 99.7% percentile among nodes. Its neighbors only partially support C33 (65.9% neighbor mass; C33:0.659; C25:0.032; C22:0.014), adding a moderate context-mismatch signal. Adhesion percentile=99.7%; context percentile=97.9%; beta-weighted context contribution=0.054; assignment entropy=0.000."
2,weibo,29,3496,0,prototype-assignment tension,6.654811382293701,0.9966682532127559,6.415151119232178,0.9966682532127559,11.983009338378906,0.9994050452165636,0.23966018855571747,3952.11669921875,0.7970521450042725,33,1.0,0.24978682355182927,0.18678728154968363,1.8086947758423493,0.07853281497955322,1.1963096980622123e-13,17,62.865862749339165,0.9966682532127559,62.82033921853057,C33:1.000; C9:0.000; C1:0.000,C33:0.079; C9:0.043; C1:0.036,"#29 node 3496 (label=0) is a prototype-assignment tension. It assigns to C33 with p=1.000. C33 is elevated-risk (soft share 25.0%, anomaly rate 18.7%, lift 1.81x). The closest prototype is C17 (distance 62.82), but the soft assignment favors C33; this assignment/prototype tension makes the case more diagnostic. Its neighborhood distribution is different from its own assignment (7.9% neighbor mass on C33; C33:0.079; C9:0.043; C1:0.036), which is a strong context-break signal. Adhesion percentile=99.7%; context percentile=99.9%; beta-weighted context contribution=0.240; assignment entropy=0.000."
2,weibo,30,1073,0,prototype-assignment tension,6.453096866607666,0.9965492622560685,6.2854390144348145,0.996311280342694,8.382882118225098,0.9977391718229415,0.16765764355659485,3873.4833984375,0.5638123154640198,10,0.4470619559288025,0.0217501774775989,0.06934887600441111,0.6715176145778095,0.02229452133178711,0.5015801128481401,4,62.3275668218927,0.996311280342694,61.19000170447579,C10:0.447; C35:0.185; C11:0.090,C33:0.177; C35:0.043; C30:0.043,"#30 node 1073 (label=0) is a prototype-assignment tension. It assigns to C10 with p=0.447. C10 is low-risk (soft share 2.2%, anomaly rate 6.9%, lift 0.67x). The closest prototype is C4 (distance 61.19), but the soft assignment favors C10; this assignment/prototype tension makes the case more diagnostic. Its neighborhood distribution is different from its own assignment (2.2% neighbor mass on C10; C33:0.177; C35:0.043; C30:0.043), which is a strong context-break signal. Adhesion percentile=99.6%; context percentile=99.8%; beta-weighted context contribution=0.168; assignment entropy=0.502."
