method,dataset,num_seeds,auroc_mean,auroc_std,auprc_mean,auprc_std
aligned_feature_knn_context,Cora,3,0.8254200330119016,0.0005424422874482894,0.4198830033476282,0.007101175869988871
aligned_feature_knn_context,CiteSeer,3,0.9045045990277342,0.001408728763288271,0.4646753600861048,0.004601434015399136
aligned_feature_knn_context,ACM,3,0.7884909851707077,0.007056638328755874,0.36939772396499065,0.001947950557561586
aligned_feature_knn_context,BlogCatalog,3,0.7312377450980391,0.005295711988317386,0.3303784778046181,0.0010076318348065274
aligned_feature_knn_context,Facebook,3,0.5975252525252526,0.005159894897725671,0.0562814550644807,0.013410689268094427
aligned_feature_knn_context,Weibo,3,0.8276688052204108,0.004052673730680504,0.35717649614930186,0.010077041046380452
aligned_feature_knn_context,Reddit,3,0.5919684019404104,0.0008512595885400756,0.04681726593017218,0.00021022327559990818
aligned_feature_knn_context,Amazon,3,0.7282693990279764,0.011010159166946105,0.1323523987015292,0.004742579391856561
prototype_only,Cora,3,0.8258752497610979,0.0006267916138908942,0.4199503744881006,0.007099203040696516
prototype_only,CiteSeer,3,0.9040625327877453,0.0010360267407444562,0.4633339981137981,0.005086717045619365
prototype_only,ACM,3,0.7917204867135169,0.001057130708011581,0.3705518670615103,0.0006381025298246941
prototype_only,BlogCatalog,3,0.7298144744008715,0.0014301061889036362,0.33737786097911976,0.0018534176215377032
prototype_only,Facebook,3,0.5988636363636364,0.006374749795530544,0.05648225797013313,0.013493974579141529
prototype_only,Weibo,3,0.6986697678039745,0.005475490960830638,0.3047493439902081,0.010276561618601937
prototype_only,Reddit,3,0.5926441712718651,0.0006984745259286089,0.046977196841833636,0.0002622103833592496
prototype_only,Amazon,3,0.7325901267775152,0.007721000362996748,0.1336229717632386,0.0027933806477214583
residual_knn_context,Cora,3,0.8258448440622014,0.0005948019859077563,0.42039315285120504,0.007119985785010881
residual_knn_context,CiteSeer,3,0.9047822893715245,0.0013291347460820183,0.4652631373341811,0.004668678719516748
residual_knn_context,ACM,3,0.7850566590532232,0.0005415119035067582,0.37219587740784926,0.0009217135571251645
residual_knn_context,BlogCatalog,3,0.7303277051561365,0.0026589383857060296,0.3301682665238174,0.0023581221376144652
residual_knn_context,Facebook,3,0.5978787878787878,0.005371046499134797,0.05631821672550228,0.013405516404215705
residual_knn_context,Weibo,3,0.8046251905856353,0.012444786157155847,0.3387391845830588,0.004213319682881623
residual_knn_context,Reddit,3,0.5922732422277736,0.0008369712658952503,0.04688844422249213,0.00021514464229792187
residual_knn_context,Amazon,3,0.7313346605131308,0.01152348234040223,0.13359265877835633,0.004943523912847578
