method,dataset,seeds,AUROC_mean,AUROC_std,AUPRC_mean,AUPRC_std
Non-residual + KMeans,Facebook,5,0.8991818181818182,0.0200464709195136,0.17052268179507285,0.027260846706381736
Non-residual + KMeans,cora,5,0.4270424811050299,0.00548485792999945,0.052120346858410584,0.0021548842095357066
Non-residual + KMeans,citeseer,5,0.3346519777567937,0.004323691944739456,0.04070946871171277,0.0005335932836655537
Non-residual + KMeans,ACM,5,0.6480011627344251,0.005037527549812291,0.1161668877951719,0.002615440281046814
Non-residual + KMeans,BlogCatalog,5,0.6456205746187363,0.005203997556300302,0.2016831013575601,0.005470314084240177
Non-residual + KMeans,weibo,5,0.8101344733110816,0.002623876780899701,0.405262481349999,0.01213416831139694
Non-residual + KMeans,Reddit,5,0.5317266689105108,0.004056546908524603,0.03327590920827619,0.00043199527355365625
Non-residual + KMeans,Amazon,5,0.5267482293292807,0.00845381947341633,0.07851374416533378,0.0018350839606962213
Residual + KMeans,Facebook,5,0.4686287878787878,0.02274720590516986,0.021601224464063436,0.001620909164565831
Residual + KMeans,cora,5,0.7227547563200418,0.009426834187854323,0.2529856180985911,0.00896065888347595
Residual + KMeans,citeseer,5,0.8397725317385374,0.01677934594737677,0.36915963248825784,0.028725461512699318
Residual + KMeans,ACM,5,0.7628208287192451,0.001518722346017407,0.2353796776562717,0.004806699826332314
Residual + KMeans,BlogCatalog,5,0.5504873366013072,0.003531079645841253,0.13148436327833646,0.0030554239583733
Residual + KMeans,weibo,5,0.7564672194745553,0.002093105058539333,0.2727877780182957,0.003948092487466371
Residual + KMeans,Reddit,5,0.5702010813681684,0.0033677677019938604,0.03934628739933969,0.0005807676356254447
Residual + KMeans,Amazon,5,0.7542689814644489,0.009033034895287336,0.13550083172972974,0.005516974932922994
RECAP w/o Residual,Facebook,5,0.5220151515151514,0.013416951128856505,0.023006394683751492,0.0006441989994103672
RECAP w/o Residual,cora,5,0.32924420119885334,0.003963852254789845,0.047759882081583396,0.002154219917831627
RECAP w/o Residual,citeseer,5,0.301991816178785,0.0033046041728923355,0.04009351483436795,0.0026319315008852292
RECAP w/o Residual,ACM,5,0.6560611222116332,0.00146137714726515,0.09941705758721102,0.001465099563131603
RECAP w/o Residual,BlogCatalog,5,0.5968636982570805,0.0017429326660714363,0.09998912917556835,0.0018019584836759636
RECAP w/o Residual,weibo,5,0.8399761178187608,0.0016274237814045992,0.42490726515494537,0.0040941339755878655
RECAP w/o Residual,Reddit,5,0.45089362635055225,0.0022408482561576512,0.02918063326206355,0.00017719966760198428
RECAP w/o Residual,Amazon,5,0.57417729916943,0.007588796191336417,0.08371752162854192,0.0020122155689973826
RECAP,Facebook,5,0.5885984848484849,0.010503426569313964,0.047098893631103436,0.013147009194320873
RECAP,cora,5,0.8212603596559813,0.003220034800613644,0.40428214223894754,0.019049665055283684
RECAP,citeseer,5,0.9017003462385897,0.0032327842159215084,0.4547785276502318,0.01590215861260163
RECAP,ACM,5,0.7806212088958674,0.003508270655633456,0.3719491357361468,0.003518281396735149
RECAP,BlogCatalog,5,0.730290168845316,0.005046394151037293,0.32808710385627,0.0023615072976681277
RECAP,weibo,5,0.8134548516107021,0.0068906459376951,0.34151678778825867,0.00432914447799166
RECAP,Reddit,5,0.593767851683964,0.002042224365535756,0.046890278308383965,0.0006128566139943742
RECAP,Amazon,5,0.7288011944920979,0.00732265977989943,0.13212908676671303,0.0039315940068622565
