setting,method,target_graph,display_name,domain,seed_count,auroc_mean,auroc_std,auprc_mean,auprc_std
OFO,ADA-GAD,ACM,ACM,Citation,3,0.6533511187698914,0.0009699245576673759,0.057814082937510725,0.00023015376622417304
OFO,ADA-GAD,Amazon,Amazon,E-commerce,3,0.45252400094494316,0.04127760844776052,0.056491164544137905,0.004210395443730934
OFO,ADA-GAD,BlogCatalog,BlogCatalog,Social,3,0.5924475762527234,0.00018332757910797298,0.07767041868291995,4.255929729704869e-05
OFO,ADA-GAD,Facebook,Facebook,Social,3,0.2887626262626262,0.011628328608265827,0.015430266160038118,0.00023081619421642715
OFO,ADA-GAD,Flickr,Flickr,Social,3,0.6536238076673163,0.00018104819150521008,0.0887609936687165,2.2825986226000475e-05
OFO,ADA-GAD,Reddit,Reddit,Social,3,0.4445660288865764,0.027866443423645703,0.02749807492707536,0.001367064366771503
OFO,ADA-GAD,YelpChi,YelpChi,E-commerce,3,0.49645723907236056,0.018245741638745858,0.05302644547191221,0.003556894995325292
OFO,ADA-GAD,citeseer,CiteSeer,Citation,3,0.6728737802958765,0.0019506215868254533,0.0856985650836191,0.0005210996549844697
OFO,ADA-GAD,cora,Cora,Citation,3,0.6689223351576752,0.0006465913244972313,0.09343458760422348,0.0002083015414454059
OFO,ADA-GAD,pubmed,PubMed,Citation,3,0.7075092994600501,0.005119102595049343,0.05410397573790491,0.0005548377675342534
OFO,ADA-GAD,questions,Questions,Q&A,3,0.48055000505582135,0.018121354106206827,0.03341540959417894,0.0028957789687225855
OFO,ADA-GAD,weibo,Weibo,Social,3,0.7973813569391514,0.008700843869600003,0.21726828939706955,0.009716424109660142
OFO,AnomalyDAE,ACM,ACM,Citation,3,0.6991099936433388,2.0830546609403653e-05,0.10022341756493053,1.2455754653647615e-05
OFO,AnomalyDAE,Amazon,Amazon,E-commerce,3,0.575558685515668,0.041435546301034326,0.07589552494507693,0.005848551586029186
OFO,AnomalyDAE,BlogCatalog,BlogCatalog,Social,3,0.25758748638344225,0.0010480880401198306,0.03752909962475926,0.00011215314225827444
OFO,AnomalyDAE,Facebook,Facebook,Social,3,0.6765656565656566,0.00396195140979473,0.043758363910078125,0.0019881299138443274
OFO,AnomalyDAE,Flickr,Flickr,Social,3,0.48058318388564003,0.003984583773735973,0.05915064431776601,0.00043834323006917487
OFO,AnomalyDAE,Reddit,Reddit,Social,3,0.5601444568988084,0.001627961155006768,0.037587425187689955,6.990928710648225e-05
OFO,AnomalyDAE,YelpChi,YelpChi,E-commerce,3,0.2759762357589679,0.0004790079244420701,0.03216672769976709,2.060339625999041e-05
OFO,AnomalyDAE,citeseer,CiteSeer,Citation,3,0.7158864057636484,0.001953579808625832,0.3438845696468004,0.00036196756291569923
OFO,AnomalyDAE,cora,Cora,Citation,3,0.6864616453826774,0.0007344417287754049,0.2221971029458749,0.00535851263546243
OFO,AnomalyDAE,pubmed,PubMed,Citation,3,0.7826698023283521,0.0025053999684168226,0.09873226143934012,0.001617784640412328
OFO,AnomalyDAE,questions,Questions,Q&A,3,0.6518044640160694,0.014374737912636019,0.06465281693771131,0.0007950461875223947
OFO,AnomalyDAE,weibo,Weibo,Social,3,0.386225547412081,0.01653623607551442,0.08044517850932024,0.0023810065243682777
OFO,BWGNN,ACM,ACM,Citation,3,0.5431771071658617,0.06337043526266303,0.1318256848723085,0.03398072070322422
OFO,BWGNN,Amazon,Amazon,E-commerce,3,0.9697333493656353,0.00586289490524901,0.8616592819863688,0.018067804390598314
OFO,BWGNN,BlogCatalog,BlogCatalog,Social,3,0.6853978787363166,0.028753872091623455,0.2407091625894301,0.02167582181809083
OFO,BWGNN,Facebook,Facebook,Social,3,0.82123719464145,0.034719638699162204,0.07974914618845509,0.014706472237455569
OFO,BWGNN,Flickr,Flickr,Social,3,0.6211663417803769,0.027106575467358736,0.19744187078048422,0.015155415481790233
OFO,BWGNN,Reddit,Reddit,Social,3,0.6137850006967704,0.013989426920260069,0.06293660644266866,0.004217069987086844
OFO,BWGNN,YelpChi,YelpChi,E-commerce,3,0.8679137946245693,0.002935298258856521,0.35449591315955303,0.017591851452150455
OFO,BWGNN,citeseer,CiteSeer,Citation,3,0.6523759608665268,0.10311327974807043,0.1531190010641217,0.05319677563608593
OFO,BWGNN,cora,Cora,Citation,3,0.5823242187500001,0.08086980567116837,0.11915437080145651,0.004719687993455925
OFO,BWGNN,pubmed,PubMed,Citation,3,0.825613994944212,0.036759448704236586,0.2125769817939709,0.04717455121099419
OFO,BWGNN,questions,Questions,Q&A,3,0.7549024975256842,0.011317469557680792,0.19745890065832836,0.023789305675232804
OFO,BWGNN,weibo,Weibo,Social,3,0.9877261148627658,0.0047183253286430735,0.9513628353232196,0.0031427363456665853
OFO,CoLA,ACM,ACM,Citation,3,0.5122619208658077,0.01766598873308215,0.12839210921414665,0.012889201697042092
OFO,CoLA,Amazon,Amazon,E-commerce,3,0.5529715973530894,0.00502211658820861,0.09038816586398339,0.0026637371940221484
OFO,CoLA,BlogCatalog,BlogCatalog,Social,3,0.40023533950617285,0.0012324163708079742,0.04971978797867676,0.000935953013971246
OFO,CoLA,Facebook,Facebook,Social,3,0.9299242424242425,0.002994261678560169,0.2662872975789783,0.022288967020075875
OFO,CoLA,Flickr,Flickr,Social,3,0.4141176348278102,0.0057042422479295675,0.06283299455184214,0.0021977079463016184
OFO,CoLA,Reddit,Reddit,Social,3,0.5312644850600812,0.013685713224938254,0.040147446310038935,0.0025716826834410204
OFO,CoLA,YelpChi,YelpChi,E-commerce,3,0.4076719223168667,0.011032959318962293,0.039722173070477096,0.0007018227364797604
OFO,CoLA,citeseer,CiteSeer,Citation,3,0.7582499213094115,0.016674346769665924,0.23014684737072857,0.015375919604396823
OFO,CoLA,cora,Cora,Citation,3,0.6921153679089566,0.02485228614177834,0.1769111370494055,0.009154992858545164
OFO,CoLA,pubmed,PubMed,Citation,3,0.7484147907912098,0.00404982453645404,0.2561613063042659,0.004811048198821056
OFO,CoLA,questions,Questions,Q&A,3,0.42962006584786416,0.003352197490526058,0.023826697803496295,0.0001834016107519171
OFO,CoLA,weibo,Weibo,Social,3,0.1466818482990315,0.00886633282981073,0.061148886127956416,0.0012403677099713233
OFO,DOMINANT,ACM,ACM,Citation,3,0.672898528155489,8.52233432942554e-06,0.09514851647719402,1.5702134732141208e-05
OFO,DOMINANT,Amazon,Amazon,E-commerce,3,0.5850903022763269,0.0018029730209290049,0.11781645689816007,0.00040062758465336644
OFO,DOMINANT,BlogCatalog,BlogCatalog,Social,3,0.5617397421931736,1.0345199092272162e-05,0.07159650831466467,1.819839348694326e-05
OFO,DOMINANT,Facebook,Facebook,Social,3,0.0718560606060606,0.0006887970554033183,0.012604193426029142,5.337780219556565e-06
OFO,DOMINANT,Flickr,Flickr,Social,3,0.5427985964912281,4.186856192574545e-05,0.06612446038552681,9.69758454939595e-06
OFO,DOMINANT,Reddit,Reddit,Social,3,0.561515166018731,0.0028900157855503298,0.03759229472434079,0.0001619890178274734
OFO,DOMINANT,YelpChi,YelpChi,E-commerce,3,0.2717122076170168,0.01085384304552223,0.031978345675853406,0.00047826475268236224
OFO,DOMINANT,citeseer,CiteSeer,Citation,3,0.6893981044311545,3.7706660992358505e-05,0.3348267358747498,0.0002816524088372357
OFO,DOMINANT,cora,Cora,Citation,3,0.6683841542872035,0.0004114885224428012,0.2501991559625017,0.0005812372999149469
OFO,DOMINANT,pubmed,PubMed,Citation,3,0.8367253985690457,1.0007410578031976e-05,0.10646811129017425,9.885856074300865e-06
OFO,DOMINANT,questions,Questions,Q&A,3,0.561302695152059,0.002709820579853202,0.04800462249900047,0.00020287862477767342
OFO,DOMINANT,weibo,Weibo,Social,3,0.37511958414270447,0.013832795094477955,0.07592924564061299,0.0015266062306601121
OFO,DiffGAD,ACM,ACM,Citation,3,0.676167848888948,2.518078713701898e-06,0.09558128080330923,1.05016831256457e-06
OFO,DiffGAD,Amazon,Amazon,E-commerce,3,0.5576996943065561,0.0012503213051927597,0.12303414466150908,0.0014852585454989057
OFO,DiffGAD,BlogCatalog,BlogCatalog,Social,3,0.5622283496732026,0.00014598004120064588,0.07159898764861866,1.8323249333522132e-05
OFO,DiffGAD,Facebook,Facebook,Social,3,0.29909090909090913,0.18126617857350943,0.020936467378303444,0.009800209645872804
OFO,DiffGAD,Flickr,Flickr,Social,3,0.5427139701104614,5.698894187917588e-05,0.06605913212225505,4.493316700461874e-05
OFO,DiffGAD,Reddit,Reddit,Social,3,0.523048464630807,0.05129757295260019,0.03426052248155791,0.00438872113450618
OFO,DiffGAD,YelpChi,YelpChi,E-commerce,3,0.29116176266004706,7.466250854884422e-08,0.032861214330584976,2.9858526027598327e-09
OFO,DiffGAD,citeseer,CiteSeer,Citation,3,0.6904710943237854,1.1102230246251565e-16,0.33531945065943836,2.2525776721032416e-06
OFO,DiffGAD,cora,Cora,Citation,3,0.6737390322300408,6.501011878723666e-06,0.2557755077779369,2.535317292352684e-05
OFO,DiffGAD,pubmed,PubMed,Citation,3,0.8271896595816406,6.913786596851886e-07,0.10466555377130687,1.7140498203877278e-07
OFO,DiffGAD,questions,Questions,Q&A,3,0.571209201902759,1.550716021407335e-05,0.04911805065120517,9.924257536081554e-07
OFO,DiffGAD,weibo,Weibo,Social,3,0.38922951941950684,0.13749079406085665,0.08380701955011453,0.022434503357740856
OFO,GAT,ACM,ACM,Citation,3,0.7775327085164495,0.006477367206108027,0.3489896680695525,0.039523506449383995
OFO,GAT,Amazon,Amazon,E-commerce,3,0.87876928728528,0.015046481192391355,0.5047409793409199,0.13065177957078272
OFO,GAT,BlogCatalog,BlogCatalog,Social,3,0.753323691225682,0.03245901602635518,0.33839485115096696,0.10173080479016815
OFO,GAT,Facebook,Facebook,Social,3,0.9922773837667455,0.0060805490067329816,0.7384670268958193,0.2213877177203612
OFO,GAT,Flickr,Flickr,Social,3,0.7833775178687459,0.03307368217977956,0.51195065894097,0.03522413366830602
OFO,GAT,Reddit,Reddit,Social,3,0.6622585931005319,0.022580482048550055,0.05674264371129617,0.003968530420410156
OFO,GAT,YelpChi,YelpChi,E-commerce,3,0.8909001191416053,0.003534707389839145,0.42402701644860324,0.009819608658702286
OFO,GAT,citeseer,CiteSeer,Citation,3,0.8253363032844164,0.01498175642879836,0.3398622355387793,0.04977868695169396
OFO,GAT,cora,Cora,Citation,3,0.7920545789930556,0.03972101434236106,0.3115884935405921,0.10377752695858085
OFO,GAT,pubmed,PubMed,Citation,3,0.8948274421780568,0.020212764965144164,0.5461915702138732,0.05684900429992087
OFO,GAT,questions,Questions,Q&A,3,0.7286307803685438,0.0021504235142291543,0.13572771540576445,0.004958572079528757
OFO,GAT,weibo,Weibo,Social,3,0.9909214733250176,0.0023028823523764267,0.9436432894812512,0.013539252975586747
OFO,GCN,ACM,ACM,Citation,3,0.7796832461508579,0.019715712217242387,0.4010561573399638,0.009602386612784274
OFO,GCN,Amazon,Amazon,E-commerce,3,0.8625316898330274,0.004901175378518421,0.3543580220316984,0.01457749303728153
OFO,GCN,BlogCatalog,BlogCatalog,Social,3,0.7622965231694175,0.00911541291354783,0.4851142280625413,0.035356002719650566
OFO,GCN,Facebook,Facebook,Social,3,0.9916469661150512,0.005005025849708529,0.7326247826247826,0.04845814986446943
OFO,GCN,Flickr,Flickr,Social,3,0.7987394411955816,0.02765434254495057,0.5718423876164073,0.01685861685074609
OFO,GCN,Reddit,Reddit,Social,3,0.6401602945549932,0.05219813151764494,0.06258516233893716,0.011839299825553509
OFO,GCN,YelpChi,YelpChi,E-commerce,3,0.861254508290806,0.006746856874424933,0.37103828142838524,0.009493497242028894
OFO,GCN,citeseer,CiteSeer,Citation,3,0.7953266946191474,0.015304067675542876,0.4505643615076918,0.04937767638327742
OFO,GCN,cora,Cora,Citation,3,0.7513047960069444,0.006699960058868843,0.42574092049229395,0.05346673251021909
OFO,GCN,pubmed,PubMed,Citation,3,0.8091389179451417,0.004500829922418069,0.16297479127293693,0.04231531816277266
OFO,GCN,questions,Questions,Q&A,3,0.7379447755558042,0.012217497767053585,0.15271582479482906,0.008849424538257582
OFO,GCN,weibo,Weibo,Social,3,0.9929707848844155,0.0012563631703610431,0.9686163623327849,0.0019831891818583077
OFO,GUIDE,ACM,ACM,Citation,3,0.875266947608102,0.0005083952412269718,0.27942390601519934,0.0008553016328059982
OFO,GUIDE,Amazon,Amazon,E-commerce,3,0.8333363361167369,0.009774424460334491,0.30277495635082335,0.018281010548519386
OFO,GUIDE,BlogCatalog,BlogCatalog,Social,3,0.7445068536673928,0.0015691248023379709,0.3368340652964183,0.00013583295204337278
OFO,GUIDE,Facebook,Facebook,Social,3,0.4587247474747474,0.010748739672657267,0.020919135258186866,0.000625349543388293
OFO,GUIDE,Flickr,Flickr,Social,3,0.738975126705653,5.7881315404197724e-05,0.37415536256625276,0.00045810981367321453
OFO,GUIDE,Reddit,Reddit,Social,3,0.5663855342733463,0.002110832512841658,0.04361873451499166,0.001482727036538135
OFO,GUIDE,YelpChi,YelpChi,E-commerce,3,0.48861967377097404,0.005034533205455495,0.04819394170923066,0.0004075170798050838
OFO,GUIDE,citeseer,CiteSeer,Citation,3,0.9866603714195783,0.0005677471687467358,0.812030692548822,0.0006241441490573786
OFO,GUIDE,cora,Cora,Citation,3,0.9775049952219618,0.0002647773175596121,0.7958280435320998,0.0015708612939491393
OFO,GUIDE,pubmed,PubMed,Citation,3,0.9297728461578699,0.00026459838564908727,0.5618315572586257,0.0006922384993442395
OFO,GUIDE,questions,Questions,Q&A,3,0.5931105847156026,0.0005299146092868825,0.04205248691953179,8.596088165198472e-05
OFO,GUIDE,weibo,Weibo,Social,3,0.8301786965155209,0.00769333622695269,0.35288277570175786,0.00759078871471036
OFO,RECAP-OFO,ACM,ACM,Citation,3,0.7901487357477258,0.005316564740109293,0.37684672802641767,0.00227470611000871
OFO,RECAP-OFO,Amazon,Amazon,E-commerce,3,0.7006234787684793,0.046541706937618645,0.12502096499587964,0.014101476952689368
OFO,RECAP-OFO,BlogCatalog,BlogCatalog,Social,3,0.7386846405228759,0.0017651718762335775,0.3340709146843633,0.0015656119993271286
OFO,RECAP-OFO,Facebook,Facebook,Social,3,0.5787752525252526,0.006400307199799933,0.04896696779954637,0.00548017999131072
OFO,RECAP-OFO,Flickr,Flickr,Social,3,0.7414503443794672,0.003585521731424258,0.351699842377658,0.002638982530261918
OFO,RECAP-OFO,Reddit,Reddit,Social,3,0.5802929503153219,0.01434691089145645,0.045151937129511675,0.0024581424779698607
OFO,RECAP-OFO,YelpChi,YelpChi,E-commerce,3,0.4260128608071095,0.006670034731744353,0.044533910264075376,0.0006948370224735363
OFO,RECAP-OFO,citeseer,CiteSeer,Citation,3,0.8986063022418075,0.0033852473298636608,0.44955769281039504,0.007810924686292746
OFO,RECAP-OFO,cora,Cora,Citation,3,0.8272217878550951,0.002628409431445307,0.4158647465029648,0.006929740499501611
OFO,RECAP-OFO,pubmed,PubMed,Citation,3,0.8255436406223664,0.003335053643364209,0.28810809351965744,0.006875090579342044
OFO,RECAP-OFO,questions,Questions,Q&A,3,0.6346933324443554,0.0004681144751079944,0.04775121336624713,0.0005224704475451374
OFO,RECAP-OFO,weibo,Weibo,Social,3,0.7878533489776091,0.007191865365286458,0.3051047118821199,0.0030904156924597436
OFO,XGBGraph,ACM,ACM,Citation,3,0.8045317329944793,0.018460488621961643,0.5533322699726545,0.011859372256995791
OFO,XGBGraph,Amazon,Amazon,E-commerce,3,0.9691936793596422,0.00620702470307023,0.8783781212809795,0.008013981786163799
OFO,XGBGraph,BlogCatalog,BlogCatalog,Social,3,0.9520489478759004,0.0009603851179564844,0.5332516470508434,0.022191567181520926
OFO,XGBGraph,Facebook,Facebook,Social,3,0.9922773837667455,0.007287393551897194,0.8762727438007941,0.11128743189283664
OFO,XGBGraph,Flickr,Flickr,Social,3,0.8456205328135153,0.030944082234719283,0.6145455086997978,0.04420765399341877
OFO,XGBGraph,Reddit,Reddit,Social,3,0.6448497458790439,0.019596221387969525,0.054558087544505196,0.0034328403150821994
OFO,XGBGraph,YelpChi,YelpChi,E-commerce,3,0.9292069902663442,0.0021964662249953338,0.6242964596958421,0.008087280740866525
OFO,XGBGraph,citeseer,CiteSeer,Citation,3,0.946966719077568,0.009411033444892677,0.762820748743016,0.039947867091860115
OFO,XGBGraph,cora,Cora,Citation,3,0.8906358506944443,0.009779579271183413,0.6317908494603668,0.04262183110428332
OFO,XGBGraph,pubmed,PubMed,Citation,3,0.9514350156903766,0.0054699444634952145,0.7255235577375329,0.017807207838164314
OFO,XGBGraph,questions,Questions,Q&A,3,0.7373052716456034,0.004585058856540801,0.2032647172002592,0.011310633553380144
OFO,XGBGraph,weibo,Weibo,Social,3,0.996742512222748,0.000890353564564628,0.9796899640605004,0.003900359192845632
