setting,method,target_graph,display_name,domain,seed_count,auroc_mean,auroc_std,auprc_mean,auprc_std
A,ARC,ACM,ACM,Citation,3,0.8007332471107541,0.003870618666224502,0.40693527961797354,0.00024790478312523904
A,ARC,Amazon,Amazon,E-commerce,3,0.8076898594176192,0.0017094894569014058,0.42126557422623784,0.047801828717724655
A,ARC,BlogCatalog,BlogCatalog,Social,3,0.7417075999454225,0.00018531907085209132,0.35413740529824983,0.002150275070764844
A,ARC,Facebook,Facebook,Social,3,0.679834289356278,0.004620280846249952,0.07890939858221345,0.011812094230417467
A,ARC,Reddit,Reddit,Social,3,0.5947958392057958,0.005949501617740727,0.04235017785943997,0.001663132160292591
A,ARC,citeseer,CiteSeer,Citation,3,0.9079802126091989,0.0019415633890485391,0.48339339400467723,0.0077498406502091435
A,ARC,cora,Cora,Citation,3,0.8753322867608583,0.009546536970961724,0.4930821069808227,0.017755629104383792
A,ARC,weibo,Weibo,Social,3,0.8869693272166949,0.002034402799537983,0.6390293395525338,0.006355311187405314
A,AnomalyGFM-ZS,ACM,ACM,Citation,3,0.5516660851940195,0.009926462546679352,0.040992302838988574,0.0012505799279877447
A,AnomalyGFM-ZS,Amazon,Amazon,E-commerce,3,0.46456687826953275,0.03443237343551522,0.05854732138192836,0.004112604414661947
A,AnomalyGFM-ZS,BlogCatalog,BlogCatalog,Social,3,0.5700853304284678,0.01463983067951052,0.07237007054328258,0.0015550746870300885
A,AnomalyGFM-ZS,Facebook,Facebook,Social,3,0.403030303030303,0.010620165584833438,0.018922908953474885,0.0007346512077442114
A,AnomalyGFM-ZS,Reddit,Reddit,Social,3,0.4203389456883369,0.01284403170488888,0.02598501108882845,0.0006191689613775372
A,AnomalyGFM-ZS,citeseer,CiteSeer,Citation,3,0.5536285104745916,0.03285670578859003,0.054889587964586484,0.005213614631959917
A,AnomalyGFM-ZS,cora,Cora,Citation,3,0.5675045608548346,0.021608411173632987,0.0656694529106437,0.004427068716824235
A,AnomalyGFM-ZS,weibo,Weibo,Social,3,0.7149009076981616,0.08201055470515567,0.3045503428774627,0.053563884311569644
A,IA-GGAD,ACM,ACM,Citation,3,0.789725080512329,0.0027909048511645038,0.4053073866491495,0.0008208829093611955
A,IA-GGAD,Amazon,Amazon,E-commerce,3,0.7156634927895245,0.11714219470661953,0.2855901886292497,0.15707014742648223
A,IA-GGAD,BlogCatalog,BlogCatalog,Social,3,0.7373402556429186,0.008391759516088709,0.3506972555630958,0.002647899062395378
A,IA-GGAD,Facebook,Facebook,Social,3,0.6781389420012746,0.008527200670599184,0.08142486767137985,0.022525642778876413
A,IA-GGAD,Reddit,Reddit,Social,3,0.5686585541192003,0.026216926269340576,0.03990792279623211,0.003922188094764492
A,IA-GGAD,citeseer,CiteSeer,Citation,3,0.9163361944643533,0.0010964378372958106,0.48753911789745824,0.0022477342363823507
A,IA-GGAD,cora,Cora,Citation,3,0.8692761207046922,0.009053545145293152,0.49017268524454444,0.011453681370639483
A,IA-GGAD,weibo,Weibo,Social,3,0.9027090835113954,0.0038941756388930476,0.7001564758871188,0.005761247140000205
A,RECAP,ACM,ACM,Citation,3,0.7850566590532232,0.0005415119035067582,0.37219587740784926,0.0009217135571251645
A,RECAP,Amazon,Amazon,E-commerce,3,0.7313346605131308,0.01152348234040223,0.13359265877835633,0.004943523912847578
A,RECAP,BlogCatalog,BlogCatalog,Social,3,0.7303277051561365,0.0026589383857060296,0.3301682665238174,0.0023581221376144652
A,RECAP,Facebook,Facebook,Social,3,0.5978787878787878,0.005371046499134797,0.05631821672550228,0.013405516404215705
A,RECAP,Reddit,Reddit,Social,3,0.5922732422277736,0.0008369712658952503,0.04688844422249213,0.00021514464229792187
A,RECAP,citeseer,CiteSeer,Citation,3,0.9047822893715245,0.0013291347460820183,0.4652631373341811,0.004668678719516748
A,RECAP,cora,Cora,Citation,3,0.8258448440622014,0.0005948019859077563,0.42039315285120504,0.007119985785010881
A,RECAP,weibo,Weibo,Social,3,0.8046251905856353,0.012444786157155847,0.3387391845830588,0.004213319682881623
A,UNPrompt,ACM,ACM,Citation,3,0.7028517499198784,0.012720287941581915,0.09526201670108973,0.013956550489502485
A,UNPrompt,Amazon,Amazon,E-commerce,3,0.6772353792078899,0.06344502889678269,0.14511134835328546,0.05245363072145656
A,UNPrompt,BlogCatalog,BlogCatalog,Social,3,0.6795638162672476,0.00466780642362783,0.21538541009394774,0.02968740280181109
A,UNPrompt,Facebook,Facebook,Social,3,0.5023232323232323,0.012018089720820878,0.02441592299756064,0.002108951935304115
A,UNPrompt,Reddit,Reddit,Social,3,0.5355219991072657,0.008605832540416282,0.036652186274425035,0.0009968870464758515
A,UNPrompt,citeseer,CiteSeer,Citation,3,0.5466673661385654,0.0288054453487571,0.052342604374349816,0.003617228469144477
A,UNPrompt,cora,Cora,Citation,3,0.48359699417948043,0.02011998650098067,0.053257044013699545,0.004175118330005338
A,UNPrompt,weibo,Weibo,Social,3,0.5141919169068031,0.01949636044036902,0.1955617901715593,0.031020401009045677
B,ARC,BlogCatalog,BlogCatalog,Social,3,0.7399224541774685,0.0029182833736440734,0.3494553401178962,0.0015876418681460762
B,ARC,Facebook,Facebook,Social,3,0.6731931166347994,0.014362744349080876,0.058709318555458544,0.0063384694218604695
B,ARC,Flickr,Flickr,Social,3,0.7491156398844382,0.00152963026868889,0.3842369688421135,0.001377380963515507
B,ARC,Reddit,Reddit,Social,3,0.5883980746565124,0.003021513745458718,0.042033929406419666,0.0005121150252127867
B,ARC,weibo,Weibo,Social,3,0.8872633021889248,0.0037312866211243745,0.6401841400526406,0.01626206256444006
B,AnomalyGFM-ZS,BlogCatalog,BlogCatalog,Social,3,0.5580825617283951,0.022908510198197583,0.07121594581443069,0.005825885210133377
B,AnomalyGFM-ZS,Facebook,Facebook,Social,3,0.4803535353535353,0.034928902783631796,0.028788957135078713,0.003107913965091407
B,AnomalyGFM-ZS,Flickr,Flickr,Social,3,0.5314885510071475,0.020264850402857672,0.07676552938940777,0.003911316181737382
B,AnomalyGFM-ZS,Reddit,Reddit,Social,3,0.4801147894371897,0.015390037744872714,0.02953880055244468,0.0011438816272314259
B,AnomalyGFM-ZS,weibo,Weibo,Social,3,0.43190725039625305,0.0846472543167667,0.21543643396472414,0.032120782448426394
B,IA-GGAD,BlogCatalog,BlogCatalog,Social,3,0.7447284939142128,0.005799319582324628,0.349408680378193,0.002719606775192202
B,IA-GGAD,Facebook,Facebook,Social,3,0.7085277246653919,0.003957888805486974,0.06542698396110948,0.007766817617672958
B,IA-GGAD,Flickr,Flickr,Social,3,0.7195049749344097,0.011712049263819238,0.37751802456369726,0.00247146529314312
B,IA-GGAD,Reddit,Reddit,Social,3,0.563029352922451,0.02934528237010612,0.03948284074490541,0.004614342970514268
B,IA-GGAD,weibo,Weibo,Social,3,0.9063732909035433,0.0006575310037759654,0.7050529569982076,0.0024721566627395647
B,RECAP,BlogCatalog,BlogCatalog,Social,3,0.729345383986928,0.0032971161244331653,0.3327006970952897,0.0028177389927364423
B,RECAP,Facebook,Facebook,Social,3,0.5946338383838384,0.00926786598766457,0.05676635498148836,0.017691915271977256
B,RECAP,Flickr,Flickr,Social,3,0.7227458869395712,0.004539981439614624,0.3457491095049116,0.0014542705495093982
B,RECAP,Reddit,Reddit,Social,3,0.5895117100184893,0.007830673848656971,0.046424344197332296,0.001410532168604301
B,RECAP,weibo,Weibo,Social,3,0.751015548078532,0.016975302112246266,0.31714011911040996,0.004603896186430832
B,UNPrompt,BlogCatalog,BlogCatalog,Social,3,0.6776581790123456,0.007849439159487152,0.1672053269123348,0.030569350071275536
B,UNPrompt,Facebook,Facebook,Social,3,0.5204419191919193,0.09807364784430952,0.027519799914830185,0.008120847852715883
B,UNPrompt,Flickr,Flickr,Social,3,0.6837017283950617,0.0011558768884543298,0.16982120938747391,0.027596329655181304
B,UNPrompt,Reddit,Reddit,Social,3,0.5604098412120052,0.006451791025272828,0.03886551929624821,0.0013705174230949336
B,UNPrompt,weibo,Weibo,Social,3,0.4536039766542405,0.01699870227578036,0.18098920821682318,0.04506220645725685
C,ARC,Amazon,Amazon,E-commerce,3,0.6542805380112386,0.026728390093880124,0.11080171093325224,0.022423267097891077
C,ARC,BlogCatalog,BlogCatalog,Social,3,0.7438033838177104,0.001832718535044105,0.36060471033870845,0.0009284713839045832
C,ARC,Flickr,Flickr,Social,3,0.7474903308086723,0.002648071060698238,0.38907070929816706,0.002505796413304576
C,ARC,Reddit,Reddit,Social,3,0.5879515872132797,0.009419094967879712,0.04270163675481605,0.0016304915342149177
C,ARC,questions,Questions,Q&A,3,0.5752286857993091,0.00295053933457524,0.03969151784898407,0.0009425441932933215
C,AnomalyGFM-ZS,Amazon,Amazon,E-commerce,3,0.5400033076037691,0.042925975802112756,0.0688854060618506,0.007382848694575369
C,AnomalyGFM-ZS,BlogCatalog,BlogCatalog,Social,3,0.5880307053376906,0.0093824389251432,0.07549881956319215,0.0020106957051362643
C,AnomalyGFM-ZS,Flickr,Flickr,Social,3,0.5457558934372969,0.01761945633108141,0.08031762707043716,0.0021027067876237824
C,AnomalyGFM-ZS,Reddit,Reddit,Social,3,0.4105843567012198,0.027456952769951,0.025782235016532262,0.0013577060621302206
C,AnomalyGFM-ZS,questions,Questions,Q&A,3,0.46729025244375116,0.006669793891573047,0.027913341274166687,0.0005610563754780641
C,IA-GGAD,Amazon,Amazon,E-commerce,3,0.5770470241746519,0.0018079152704713586,0.08007053781168556,0.0012302948583406384
C,IA-GGAD,BlogCatalog,BlogCatalog,Social,3,0.7440196309429332,0.008410760612253496,0.3522654420324341,0.005230422784396036
C,IA-GGAD,Flickr,Flickr,Social,3,0.7128763542158306,0.012263499142276453,0.37765454103458923,0.0009828423491125182
C,IA-GGAD,Reddit,Reddit,Social,3,0.5485924550820283,0.01087588568587266,0.038020371684527265,0.002104090458645995
C,IA-GGAD,questions,Questions,Q&A,3,0.5691990635252651,0.0018289078817752844,0.038893038131657516,0.0005520154652329227
C,RECAP,Amazon,Amazon,E-commerce,3,0.7186061644670395,0.011821713825397298,0.1272369746434784,0.005271863898749481
C,RECAP,BlogCatalog,BlogCatalog,Social,3,0.725108024691358,0.014011972639673374,0.32234649660213727,0.009079576970330891
C,RECAP,Flickr,Flickr,Social,3,0.7190310071474985,0.0078037896808906635,0.33397038920551464,0.0013766041856376585
C,RECAP,Reddit,Reddit,Social,3,0.5842059965532633,0.0013849381462836536,0.04522716138135208,0.0003614042234594038
C,RECAP,questions,Questions,Q&A,3,0.6185511651527584,0.005550230036137709,0.04625513965224961,0.00023961889273052902
C,UNPrompt,Amazon,Amazon,E-commerce,3,0.6333136663637134,0.0643496878839577,0.11593887301537108,0.03016930473148531
C,UNPrompt,BlogCatalog,BlogCatalog,Social,3,0.6643768155410312,0.013197132481530765,0.1817482681142014,0.017833354634689946
C,UNPrompt,Flickr,Flickr,Social,3,0.6941917608836907,0.0042290690455925655,0.2077882343308752,0.007118853207576476
C,UNPrompt,Reddit,Reddit,Social,3,0.5358579753046774,0.002962675704648798,0.03650661726606618,0.0007946741926871298
C,UNPrompt,questions,Questions,Q&A,3,0.43451716040057503,0.021689641593912068,0.026473735061708793,0.0026983643403078283
