run_id,stage,num_diag_trials,H_ent_norm_mean,H_ent_norm_std,H_maxp_mean,H_maxp_std,pi_ent_norm_mean,pi_ent_norm_std,pi_std_mean,pi_std_std,effC_mean,effC_std,Lvar_mean,Lvar_std,Lvar_active_mean,Lvar_active_std,scale_adh_std_mean,scale_adh_std_std,overrides
baseline_perf_v2,baseline,3,0.5952000000000001,0.010947450235861633,0.46046666666666664,0.0045828181528642644,0.8398,0.027034175901378386,0.049931333333333335,0.008139844606761376,17.19333333333333,1.2959509592916272,6.666666666666666e-07,9.428090415820633e-07,6.666666666666667e-05,9.428090415820634e-05,1.0,0.0,"{""assignment_entropy_lower"": 0.45, ""assignment_entropy_upper"": 0.85, ""beta"": 0.02, ""cluster_init_gain"": 2.0, ""epochs"": 100, ""knn_k"": 20, ""lambda_E"": 0.1, ""lambda_H"": 0.2, ""lambda_bal"": 0.0, ""lambda_usage_entropy"": 0.25, ""num_clusters"": 28, ""num_hops"": 4, ""tau_c"": 0.3, ""tau_s"": 0.08, ""usage_entropy_lower"": 0.65, ""usage_entropy_upper"": 0.9}"
epoch__e80,epoch_budget,3,0.6021666666666667,0.012053860607936189,0.4572333333333333,0.00865268102317941,0.8517666666666667,0.02861903018777695,0.04629433333333333,0.008333941537805237,17.843333333333334,1.417376292857883,6.666666666666666e-07,9.428090415820633e-07,6.666666666666667e-05,9.428090415820634e-05,1.0,0.0,"{""assignment_entropy_lower"": 0.45, ""assignment_entropy_upper"": 0.85, ""beta"": 0.02, ""cluster_init_gain"": 2.0, ""epochs"": 80, ""knn_k"": 20, ""lambda_E"": 0.1, ""lambda_H"": 0.2, ""lambda_bal"": 0.0, ""lambda_usage_entropy"": 0.25, ""num_clusters"": 28, ""num_hops"": 4, ""tau_c"": 0.3, ""tau_s"": 0.08, ""usage_entropy_lower"": 0.65, ""usage_entropy_upper"": 0.9}"
epoch__e120,epoch_budget,3,0.5888666666666666,0.013885804101871667,0.4584333333333333,0.01325049265331502,0.8268,0.022012723593412983,0.054053333333333335,0.006986465884519551,16.44333333333333,0.9122986840332992,3.333333333333333e-07,4.7140452079103167e-07,6.666666666666667e-05,9.428090415820634e-05,1.0,0.0,"{""assignment_entropy_lower"": 0.45, ""assignment_entropy_upper"": 0.85, ""beta"": 0.02, ""cluster_init_gain"": 2.0, ""epochs"": 120, ""knn_k"": 20, ""lambda_E"": 0.1, ""lambda_H"": 0.2, ""lambda_bal"": 0.0, ""lambda_usage_entropy"": 0.25, ""num_clusters"": 28, ""num_hops"": 4, ""tau_c"": 0.3, ""tau_s"": 0.08, ""usage_entropy_lower"": 0.65, ""usage_entropy_upper"": 0.9}"
epoch__e150,epoch_budget,3,0.5765,0.014313862744439985,0.4601333333333333,0.03064945168985716,0.806,0.013153199864164885,0.05931633333333333,0.004665392897590606,15.316666666666668,0.469491450638052,0.0,0.0,0.00013333333333333334,9.428090415820634e-05,1.0,0.0,"{""assignment_entropy_lower"": 0.45, ""assignment_entropy_upper"": 0.85, ""beta"": 0.02, ""cluster_init_gain"": 2.0, ""epochs"": 150, ""knn_k"": 20, ""lambda_E"": 0.1, ""lambda_H"": 0.2, ""lambda_bal"": 0.0, ""lambda_usage_entropy"": 0.25, ""num_clusters"": 28, ""num_hops"": 4, ""tau_c"": 0.3, ""tau_s"": 0.08, ""usage_entropy_lower"": 0.65, ""usage_entropy_upper"": 0.9}"
perf__light_lH01_lU01,regularization_profile,3,0.6029,0.00388930156540567,0.47223333333333334,0.007372169890126596,0.8180333333333333,0.016044590642608794,0.052895,0.0033378019713577968,16.226666666666667,0.736040457825217,6.666666666666666e-07,9.428090415820633e-07,6.666666666666667e-05,9.428090415820634e-05,1.0,0.0,"{""assignment_entropy_lower"": 0.45, ""assignment_entropy_upper"": 0.85, ""beta"": 0.02, ""cluster_init_gain"": 1.5, ""epochs"": 100, ""knn_k"": 20, ""lambda_E"": 0.1, ""lambda_H"": 0.1, ""lambda_bal"": 0.0, ""lambda_usage_entropy"": 0.1, ""num_clusters"": 28, ""num_hops"": 4, ""tau_c"": 0.3, ""tau_s"": 0.08, ""usage_entropy_lower"": 0.65, ""usage_entropy_upper"": 0.9}"
perf__light_lH02_lU01,regularization_profile,3,0.5902666666666666,0.012205554291205106,0.4689666666666667,0.016101621726466637,0.8257333333333333,0.02081447146151498,0.054307333333333326,0.0063071919971480865,16.413333333333334,0.8818289075678022,6.666666666666666e-07,9.428090415820633e-07,6.666666666666667e-05,9.428090415820634e-05,1.0,0.0,"{""assignment_entropy_lower"": 0.45, ""assignment_entropy_upper"": 0.85, ""beta"": 0.02, ""cluster_init_gain"": 2.0, ""epochs"": 100, ""knn_k"": 20, ""lambda_E"": 0.1, ""lambda_H"": 0.2, ""lambda_bal"": 0.0, ""lambda_usage_entropy"": 0.1, ""num_clusters"": 28, ""num_hops"": 4, ""tau_c"": 0.3, ""tau_s"": 0.08, ""usage_entropy_lower"": 0.65, ""usage_entropy_upper"": 0.9}"
perf__mid_lH035_lU025,regularization_profile,3,0.5621,0.02538280257707308,0.48956666666666665,0.04033314049540678,0.7908,0.029698933763128044,0.062411666666666664,0.00960922002847034,14.436666666666667,1.5959601777265273,6.666666666666666e-07,9.428090415820633e-07,6.666666666666667e-05,9.428090415820634e-05,1.0,0.0,"{""assignment_entropy_lower"": 0.45, ""assignment_entropy_upper"": 0.85, ""beta"": 0.02, ""cluster_init_gain"": 2.0, ""epochs"": 100, ""knn_k"": 20, ""lambda_E"": 0.1, ""lambda_H"": 0.35, ""lambda_bal"": 0.0, ""lambda_usage_entropy"": 0.25, ""num_clusters"": 28, ""num_hops"": 4, ""tau_c"": 0.3, ""tau_s"": 0.08, ""usage_entropy_lower"": 0.65, ""usage_entropy_upper"": 0.9}"
perf__gain25_lH02_lU025,regularization_profile,3,0.5290333333333334,0.05309672515534475,0.5359,0.059639304713139205,0.7421333333333333,0.06333699989386579,0.07578666666666667,0.01512610261178411,12.563333333333333,2.9626264623734726,1e-06,1.4142135623730954e-06,0.00013333333333333334,9.428090415820634e-05,1.0,0.0,"{""assignment_entropy_lower"": 0.45, ""assignment_entropy_upper"": 0.85, ""beta"": 0.02, ""cluster_init_gain"": 2.5, ""epochs"": 100, ""knn_k"": 20, ""lambda_E"": 0.1, ""lambda_H"": 0.2, ""lambda_bal"": 0.0, ""lambda_usage_entropy"": 0.25, ""num_clusters"": 28, ""num_hops"": 4, ""tau_c"": 0.3, ""tau_s"": 0.08, ""usage_entropy_lower"": 0.65, ""usage_entropy_upper"": 0.9}"
perf__soft_assign_lH02,regularization_profile,3,0.6698333333333334,0.00680898099734623,0.3949666666666667,0.021454499657544,0.8631333333333333,0.006792315919887365,0.049246000000000005,0.0011589739715225146,18.216666666666665,0.41986770403174434,6.666666666666666e-07,9.428090415820633e-07,6.666666666666667e-05,9.428090415820634e-05,1.0,0.0,"{""assignment_entropy_lower"": 0.55, ""assignment_entropy_upper"": 0.9, ""beta"": 0.02, ""cluster_init_gain"": 2.0, ""epochs"": 100, ""knn_k"": 20, ""lambda_E"": 0.1, ""lambda_H"": 0.2, ""lambda_bal"": 0.0, ""lambda_usage_entropy"": 0.25, ""num_clusters"": 28, ""num_hops"": 4, ""tau_c"": 0.3, ""tau_s"": 0.08, ""usage_entropy_lower"": 0.65, ""usage_entropy_upper"": 0.9}"
perf__hard_assign_lH02,regularization_profile,3,0.45913333333333334,0.030373270412577483,0.6080666666666666,0.03676631912800386,0.726,0.04777202807780579,0.07104066666666667,0.009798612906370414,11.596666666666666,1.7645836776859172,1e-06,1.4142135623730954e-06,6.666666666666667e-05,9.428090415820634e-05,1.0,0.0,"{""assignment_entropy_lower"": 0.35, ""assignment_entropy_upper"": 0.8, ""beta"": 0.02, ""cluster_init_gain"": 2.0, ""epochs"": 100, ""knn_k"": 20, ""lambda_E"": 0.1, ""lambda_H"": 0.2, ""lambda_bal"": 0.0, ""lambda_usage_entropy"": 0.25, ""num_clusters"": 28, ""num_hops"": 4, ""tau_c"": 0.3, ""tau_s"": 0.08, ""usage_entropy_lower"": 0.65, ""usage_entropy_upper"": 0.9}"
perf__loose_usage_lH02,regularization_profile,3,0.5913333333333334,0.011598946312297322,0.46859999999999996,0.01527765252473908,0.8273,0.01972933518055453,0.053674,0.006482047875993099,16.51,0.8486459803710843,6.666666666666666e-07,9.428090415820633e-07,6.666666666666667e-05,9.428090415820634e-05,1.0,0.0,"{""assignment_entropy_lower"": 0.45, ""assignment_entropy_upper"": 0.85, ""beta"": 0.02, ""cluster_init_gain"": 2.0, ""epochs"": 100, ""knn_k"": 20, ""lambda_E"": 0.1, ""lambda_H"": 0.2, ""lambda_bal"": 0.0, ""lambda_usage_entropy"": 0.1, ""num_clusters"": 28, ""num_hops"": 4, ""tau_c"": 0.3, ""tau_s"": 0.08, ""usage_entropy_lower"": 0.6, ""usage_entropy_upper"": 0.92}"
beta_nontrivial__b0p03,beta_nontrivial,3,0.5964666666666667,0.012051648112280015,0.4586666666666666,0.005202777036246022,0.8405,0.029736173257499023,0.04984533333333333,0.008841518057186536,17.246666666666666,1.4274530542971362,6.666666666666666e-07,9.428090415820633e-07,6.666666666666667e-05,9.428090415820634e-05,1.0,0.0,"{""assignment_entropy_lower"": 0.45, ""assignment_entropy_upper"": 0.85, ""beta"": 0.03, ""cluster_init_gain"": 2.0, ""epochs"": 100, ""knn_k"": 20, ""lambda_E"": 0.1, ""lambda_H"": 0.2, ""lambda_bal"": 0.0, ""lambda_usage_entropy"": 0.25, ""num_clusters"": 28, ""num_hops"": 4, ""tau_c"": 0.3, ""tau_s"": 0.08, ""usage_entropy_lower"": 0.65, ""usage_entropy_upper"": 0.9}"
beta_nontrivial__b0p05,beta_nontrivial,3,0.5977666666666667,0.01140915811481673,0.4572333333333333,0.005837998134825174,0.8433666666666667,0.028054748063186894,0.04921433333333333,0.008556693689088611,17.373333333333335,1.3560317924821017,6.666666666666666e-07,9.428090415820633e-07,6.666666666666667e-05,9.428090415820634e-05,1.0,0.0,"{""assignment_entropy_lower"": 0.45, ""assignment_entropy_upper"": 0.85, ""beta"": 0.05, ""cluster_init_gain"": 2.0, ""epochs"": 100, ""knn_k"": 20, ""lambda_E"": 0.1, ""lambda_H"": 0.2, ""lambda_bal"": 0.0, ""lambda_usage_entropy"": 0.25, ""num_clusters"": 28, ""num_hops"": 4, ""tau_c"": 0.3, ""tau_s"": 0.08, ""usage_entropy_lower"": 0.65, ""usage_entropy_upper"": 0.9}"
beta_nontrivial__b0p08,beta_nontrivial,3,0.5966999999999999,0.007446251853561408,0.4579,0.004814561246884295,0.8403333333333333,0.026169235542691915,0.049992666666666664,0.00844750757455844,17.21666666666667,1.2657101651729845,6.666666666666666e-07,9.428090415820633e-07,6.666666666666667e-05,9.428090415820634e-05,1.0,0.0,"{""assignment_entropy_lower"": 0.45, ""assignment_entropy_upper"": 0.85, ""beta"": 0.08, ""cluster_init_gain"": 2.0, ""epochs"": 100, ""knn_k"": 20, ""lambda_E"": 0.1, ""lambda_H"": 0.2, ""lambda_bal"": 0.0, ""lambda_usage_entropy"": 0.25, ""num_clusters"": 28, ""num_hops"": 4, ""tau_c"": 0.3, ""tau_s"": 0.08, ""usage_entropy_lower"": 0.65, ""usage_entropy_upper"": 0.9}"
tauc_perf__tc0p28,tau_c_perf,3,0.5975333333333334,0.006689461031270667,0.45776666666666666,0.0048609555530666005,0.8427666666666666,0.027163742173877462,0.049499999999999995,0.008933551029685788,17.336666666666666,1.3349240511063623,6.666666666666666e-07,9.428090415820633e-07,6.666666666666667e-05,9.428090415820634e-05,1.0,0.0,"{""assignment_entropy_lower"": 0.45, ""assignment_entropy_upper"": 0.85, ""beta"": 0.02, ""cluster_init_gain"": 2.0, ""epochs"": 100, ""knn_k"": 20, ""lambda_E"": 0.1, ""lambda_H"": 0.2, ""lambda_bal"": 0.0, ""lambda_usage_entropy"": 0.25, ""num_clusters"": 28, ""num_hops"": 4, ""tau_c"": 0.28, ""tau_s"": 0.08, ""usage_entropy_lower"": 0.65, ""usage_entropy_upper"": 0.9}"
tauc_perf__tc0p32,tau_c_perf,3,0.5633333333333334,0.04196270831212982,0.4921333333333333,0.0455851827778379,0.7851666666666667,0.056670529280119536,0.064982,0.015097455834234674,14.53,2.7628005115582748,6.666666666666666e-07,9.428090415820633e-07,6.666666666666667e-05,9.428090415820634e-05,1.0,0.0,"{""assignment_entropy_lower"": 0.45, ""assignment_entropy_upper"": 0.85, ""beta"": 0.02, ""cluster_init_gain"": 2.0, ""epochs"": 100, ""knn_k"": 20, ""lambda_E"": 0.1, ""lambda_H"": 0.2, ""lambda_bal"": 0.0, ""lambda_usage_entropy"": 0.25, ""num_clusters"": 28, ""num_hops"": 4, ""tau_c"": 0.32, ""tau_s"": 0.08, ""usage_entropy_lower"": 0.65, ""usage_entropy_upper"": 0.9}"
tauc_perf__tc0p35,tau_c_perf,3,0.5697666666666666,0.03404020498697907,0.48616666666666664,0.040435737768574086,0.7922666666666668,0.04481081218733806,0.06319999999999999,0.012563272689338024,14.736666666666666,2.3498132313488713,1e-06,1.4142135623730954e-06,6.666666666666667e-05,9.428090415820634e-05,1.0,0.0,"{""assignment_entropy_lower"": 0.45, ""assignment_entropy_upper"": 0.85, ""beta"": 0.02, ""cluster_init_gain"": 2.0, ""epochs"": 100, ""knn_k"": 20, ""lambda_E"": 0.1, ""lambda_H"": 0.2, ""lambda_bal"": 0.0, ""lambda_usage_entropy"": 0.25, ""num_clusters"": 28, ""num_hops"": 4, ""tau_c"": 0.35, ""tau_s"": 0.08, ""usage_entropy_lower"": 0.65, ""usage_entropy_upper"": 0.9}"
graph_perf__k16__C28__L4,graph_perf,3,0.5949,0.010185283501208973,0.461,0.004724404724407071,0.8422999999999999,0.030792639813219426,0.049264333333333334,0.009765186816213786,17.343333333333334,1.4817182218252187,6.666666666666666e-07,9.428090415820633e-07,6.666666666666667e-05,9.428090415820634e-05,1.0,0.0,"{""assignment_entropy_lower"": 0.45, ""assignment_entropy_upper"": 0.85, ""beta"": 0.02, ""cluster_init_gain"": 2.0, ""epochs"": 100, ""knn_k"": 16, ""lambda_E"": 0.1, ""lambda_H"": 0.2, ""lambda_bal"": 0.0, ""lambda_usage_entropy"": 0.25, ""num_clusters"": 28, ""num_hops"": 4, ""tau_c"": 0.3, ""tau_s"": 0.08, ""usage_entropy_lower"": 0.65, ""usage_entropy_upper"": 0.9}"
graph_perf__k24__C28__L4,graph_perf,3,0.5870000000000001,0.014106027080648887,0.4764,0.027101414477231026,0.8195666666666667,0.013928468050084384,0.056692,0.003701645850159089,15.99,0.8357032966310466,6.666666666666666e-07,9.428090415820633e-07,6.666666666666667e-05,9.428090415820634e-05,1.0,0.0,"{""assignment_entropy_lower"": 0.45, ""assignment_entropy_upper"": 0.85, ""beta"": 0.02, ""cluster_init_gain"": 2.0, ""epochs"": 100, ""knn_k"": 24, ""lambda_E"": 0.1, ""lambda_H"": 0.2, ""lambda_bal"": 0.0, ""lambda_usage_entropy"": 0.25, ""num_clusters"": 28, ""num_hops"": 4, ""tau_c"": 0.3, ""tau_s"": 0.08, ""usage_entropy_lower"": 0.65, ""usage_entropy_upper"": 0.9}"
graph_perf__k20__C36__L3,graph_perf,3,0.5608333333333334,0.009798752755098745,0.5000333333333333,0.013168227755556998,0.7801,0.010742749492875021,0.060512333333333335,0.002159360450586137,16.673333333333332,0.563579827728266,1e-06,1.4142135623730954e-06,9.999999999999999e-05,0.0001414213562373095,1.0,0.0,"{""assignment_entropy_lower"": 0.45, ""assignment_entropy_upper"": 0.85, ""beta"": 0.02, ""cluster_init_gain"": 2.0, ""epochs"": 100, ""knn_k"": 20, ""lambda_E"": 0.1, ""lambda_H"": 0.2, ""lambda_bal"": 0.0, ""lambda_usage_entropy"": 0.25, ""num_clusters"": 36, ""num_hops"": 3, ""tau_c"": 0.3, ""tau_s"": 0.08, ""usage_entropy_lower"": 0.65, ""usage_entropy_upper"": 0.9}"
tau_perf__tau0p05,tau_perf,3,0.5457333333333333,0.029939642987554523,0.5179666666666667,0.04349868452672514,0.7676999999999999,0.036811501825742825,0.06801466666666667,0.010125425730418558,13.450000000000001,1.8045682770864244,1e-06,1.4142135623730954e-06,6.666666666666667e-05,9.428090415820634e-05,1.0,0.0,"{""assignment_entropy_lower"": 0.45, ""assignment_entropy_upper"": 0.85, ""beta"": 0.02, ""cluster_init_gain"": 2.0, ""epochs"": 100, ""knn_k"": 20, ""lambda_E"": 0.1, ""lambda_H"": 0.2, ""lambda_bal"": 0.0, ""lambda_usage_entropy"": 0.25, ""num_clusters"": 28, ""num_hops"": 4, ""tau_c"": 0.3, ""tau_s"": 0.05, ""usage_entropy_lower"": 0.65, ""usage_entropy_upper"": 0.9}"
tau_perf__tau0p1,tau_perf,3,0.5940333333333333,0.01059853239316125,0.4626333333333334,0.0037747700445045673,0.8404666666666666,0.02961714968655082,0.04966633333333333,0.00938166731213357,17.246666666666666,1.4124525557420404,6.666666666666666e-07,9.428090415820633e-07,6.666666666666667e-05,9.428090415820634e-05,1.0,0.0,"{""assignment_entropy_lower"": 0.45, ""assignment_entropy_upper"": 0.85, ""beta"": 0.02, ""cluster_init_gain"": 2.0, ""epochs"": 100, ""knn_k"": 20, ""lambda_E"": 0.1, ""lambda_H"": 0.2, ""lambda_bal"": 0.0, ""lambda_usage_entropy"": 0.25, ""num_clusters"": 28, ""num_hops"": 4, ""tau_c"": 0.3, ""tau_s"": 0.1, ""usage_entropy_lower"": 0.65, ""usage_entropy_upper"": 0.9}"
tau_perf__tau0p12,tau_perf,3,0.5917,0.011203868379567244,0.4656666666666667,0.005703994701571483,0.8361666666666666,0.02957716837171689,0.050926,0.009058285304993804,17.033333333333335,1.3585858660959025,1e-06,1.4142135623730954e-06,6.666666666666667e-05,9.428090415820634e-05,1.0,0.0,"{""assignment_entropy_lower"": 0.45, ""assignment_entropy_upper"": 0.85, ""beta"": 0.02, ""cluster_init_gain"": 2.0, ""epochs"": 100, ""knn_k"": 20, ""lambda_E"": 0.1, ""lambda_H"": 0.2, ""lambda_bal"": 0.0, ""lambda_usage_entropy"": 0.25, ""num_clusters"": 28, ""num_hops"": 4, ""tau_c"": 0.3, ""tau_s"": 0.12, ""usage_entropy_lower"": 0.65, ""usage_entropy_upper"": 0.9}"
