method,supervised,dataset,display_name,domain,evaluation_population,seed_count,auroc_mean,auroc_std,auprc_mean,auprc_std
GCN,True,pubmed,PubMed,Citation,stratified_test_40pct,3,0.8091389179451417,0.004500829922418069,0.16297479127293693,0.04231531816277266
GCN,True,cora,Cora,Citation,stratified_test_40pct,3,0.7513047960069444,0.006699960058868843,0.42574092049229395,0.05346673251021909
GCN,True,citeseer,CiteSeer,Citation,stratified_test_40pct,3,0.7953266946191474,0.015304067675542876,0.4505643615076918,0.04937767638327742
GCN,True,ACM,ACM,Citation,stratified_test_40pct,3,0.7796832461508579,0.019715712217242387,0.4010561573399638,0.009602386612784274
GCN,True,Flickr,Flickr,Social,stratified_test_40pct,3,0.7987394411955816,0.02765434254495057,0.5718423876164073,0.01685861685074609
GCN,True,BlogCatalog,BlogCatalog,Social,stratified_test_40pct,3,0.7622965231694175,0.00911541291354783,0.4851142280625413,0.035356002719650566
GCN,True,Facebook,Facebook,Social,stratified_test_40pct,3,0.9916469661150512,0.005005025849708529,0.7326247826247826,0.04845814986446943
GCN,True,weibo,Weibo,Social,stratified_test_40pct,3,0.9929707848844155,0.0012563631703610431,0.9686163623327849,0.0019831891818583077
GCN,True,Reddit,Reddit,Social,stratified_test_40pct,3,0.6401602945549932,0.05219813151764494,0.06258516233893716,0.011839299825553509
GCN,True,questions,Questions,Q&A,stratified_test_40pct,3,0.7379447755558042,0.012217497767053585,0.15271582479482906,0.008849424538257582
GCN,True,YelpChi,YelpChi,E-commerce,stratified_test_40pct,3,0.861254508290806,0.006746856874424933,0.37103828142838524,0.009493497242028894
GCN,True,Amazon,Amazon,E-commerce,stratified_test_40pct,3,0.8625316898330274,0.004901175378518421,0.3543580220316984,0.01457749303728153
GAT,True,pubmed,PubMed,Citation,stratified_test_40pct,3,0.8948274421780568,0.020212764965144164,0.5461915702138732,0.05684900429992087
GAT,True,cora,Cora,Citation,stratified_test_40pct,3,0.7920545789930556,0.03972101434236106,0.3115884935405921,0.10377752695858085
GAT,True,citeseer,CiteSeer,Citation,stratified_test_40pct,3,0.8253363032844164,0.01498175642879836,0.3398622355387793,0.04977868695169396
GAT,True,ACM,ACM,Citation,stratified_test_40pct,3,0.7775327085164495,0.006477367206108027,0.3489896680695525,0.039523506449383995
GAT,True,Flickr,Flickr,Social,stratified_test_40pct,3,0.7833775178687459,0.03307368217977956,0.51195065894097,0.03522413366830602
GAT,True,BlogCatalog,BlogCatalog,Social,stratified_test_40pct,3,0.753323691225682,0.03245901602635518,0.33839485115096696,0.10173080479016815
GAT,True,Facebook,Facebook,Social,stratified_test_40pct,3,0.9922773837667455,0.0060805490067329816,0.7384670268958193,0.2213877177203612
GAT,True,weibo,Weibo,Social,stratified_test_40pct,3,0.9909214733250176,0.0023028823523764267,0.9436432894812512,0.013539252975586747
GAT,True,Reddit,Reddit,Social,stratified_test_40pct,3,0.6622585931005319,0.022580482048550055,0.05674264371129617,0.003968530420410156
GAT,True,questions,Questions,Q&A,stratified_test_40pct,3,0.7286307803685438,0.0021504235142291543,0.13572771540576445,0.004958572079528757
GAT,True,YelpChi,YelpChi,E-commerce,stratified_test_40pct,3,0.8909001191416053,0.003534707389839145,0.42402701644860324,0.009819608658702286
GAT,True,Amazon,Amazon,E-commerce,stratified_test_40pct,3,0.87876928728528,0.015046481192391355,0.5047409793409199,0.13065177957078272
BWGNN,True,pubmed,PubMed,Citation,stratified_test_40pct,3,0.825613994944212,0.036759448704236586,0.2125769817939709,0.04717455121099419
BWGNN,True,cora,Cora,Citation,stratified_test_40pct,3,0.5823242187500001,0.08086980567116837,0.11915437080145651,0.004719687993455925
BWGNN,True,citeseer,CiteSeer,Citation,stratified_test_40pct,3,0.6523759608665268,0.10311327974807043,0.1531190010641217,0.05319677563608593
BWGNN,True,ACM,ACM,Citation,stratified_test_40pct,3,0.5431771071658617,0.06337043526266303,0.1318256848723085,0.03398072070322422
BWGNN,True,Flickr,Flickr,Social,stratified_test_40pct,3,0.6211663417803769,0.027106575467358736,0.19744187078048422,0.015155415481790233
BWGNN,True,BlogCatalog,BlogCatalog,Social,stratified_test_40pct,3,0.6853978787363166,0.028753872091623455,0.2407091625894301,0.02167582181809083
BWGNN,True,Facebook,Facebook,Social,stratified_test_40pct,3,0.82123719464145,0.034719638699162204,0.07974914618845509,0.014706472237455569
BWGNN,True,weibo,Weibo,Social,stratified_test_40pct,3,0.9877261148627658,0.0047183253286430735,0.9513628353232196,0.0031427363456665853
BWGNN,True,Reddit,Reddit,Social,stratified_test_40pct,3,0.6137850006967704,0.013989426920260069,0.06293660644266866,0.004217069987086844
BWGNN,True,questions,Questions,Q&A,stratified_test_40pct,3,0.7549024975256842,0.011317469557680792,0.19745890065832836,0.023789305675232804
BWGNN,True,YelpChi,YelpChi,E-commerce,stratified_test_40pct,3,0.8679137946245693,0.002935298258856521,0.35449591315955303,0.017591851452150455
BWGNN,True,Amazon,Amazon,E-commerce,stratified_test_40pct,3,0.9697333493656353,0.00586289490524901,0.8616592819863688,0.018067804390598314
XGBGraph,True,pubmed,PubMed,Citation,stratified_test_40pct,3,0.9514350156903766,0.0054699444634952145,0.7255235577375329,0.017807207838164314
XGBGraph,True,cora,Cora,Citation,stratified_test_40pct,3,0.8906358506944443,0.009779579271183413,0.6317908494603668,0.04262183110428332
XGBGraph,True,citeseer,CiteSeer,Citation,stratified_test_40pct,3,0.946966719077568,0.009411033444892677,0.762820748743016,0.039947867091860115
XGBGraph,True,ACM,ACM,Citation,stratified_test_40pct,3,0.8045317329944793,0.018460488621961643,0.5533322699726545,0.011859372256995791
XGBGraph,True,Flickr,Flickr,Social,stratified_test_40pct,3,0.8456205328135153,0.030944082234719283,0.6145455086997978,0.04420765399341877
XGBGraph,True,BlogCatalog,BlogCatalog,Social,stratified_test_40pct,3,0.9520489478759004,0.0009603851179564844,0.5332516470508434,0.022191567181520926
XGBGraph,True,Facebook,Facebook,Social,stratified_test_40pct,3,0.9922773837667455,0.007287393551897194,0.8762727438007941,0.11128743189283664
XGBGraph,True,weibo,Weibo,Social,stratified_test_40pct,3,0.996742512222748,0.000890353564564628,0.9796899640605004,0.003900359192845632
XGBGraph,True,Reddit,Reddit,Social,stratified_test_40pct,3,0.6448497458790439,0.019596221387969525,0.054558087544505196,0.0034328403150821994
XGBGraph,True,questions,Questions,Q&A,stratified_test_40pct,3,0.7373052716456034,0.004585058856540801,0.2032647172002592,0.011310633553380144
XGBGraph,True,YelpChi,YelpChi,E-commerce,stratified_test_40pct,3,0.9292069902663442,0.0021964662249953338,0.6242964596958421,0.008087280740866525
XGBGraph,True,Amazon,Amazon,E-commerce,stratified_test_40pct,3,0.9691936793596422,0.00620702470307023,0.8783781212809795,0.008013981786163799
DOMINANT,False,pubmed,PubMed,Citation,full_graph,3,0.8367253985690457,1.0007410578031976e-05,0.10646811129017425,9.885856074300865e-06
DOMINANT,False,cora,Cora,Citation,full_graph,3,0.6683841542872035,0.0004114885224428012,0.2501991559625017,0.0005812372999149469
DOMINANT,False,citeseer,CiteSeer,Citation,full_graph,3,0.6893981044311545,3.7706660992358505e-05,0.3348267358747498,0.0002816524088372357
DOMINANT,False,ACM,ACM,Citation,full_graph,3,0.672898528155489,8.52233432942554e-06,0.09514851647719402,1.5702134732141208e-05
DOMINANT,False,Flickr,Flickr,Social,full_graph,3,0.5427985964912281,4.186856192574545e-05,0.06612446038552681,9.69758454939595e-06
DOMINANT,False,BlogCatalog,BlogCatalog,Social,full_graph,3,0.5617397421931736,1.0345199092272162e-05,0.07159650831466467,1.819839348694326e-05
DOMINANT,False,Facebook,Facebook,Social,full_graph,3,0.0718560606060606,0.0006887970554033183,0.012604193426029142,5.337780219556565e-06
DOMINANT,False,weibo,Weibo,Social,full_graph,3,0.37511958414270447,0.013832795094477955,0.07592924564061299,0.0015266062306601121
DOMINANT,False,Reddit,Reddit,Social,full_graph,3,0.561515166018731,0.0028900157855503298,0.03759229472434079,0.0001619890178274734
DOMINANT,False,questions,Questions,Q&A,full_graph,3,0.561302695152059,0.002709820579853202,0.04800462249900047,0.00020287862477767342
DOMINANT,False,YelpChi,YelpChi,E-commerce,full_graph,3,0.2717122076170168,0.01085384304552223,0.031978345675853406,0.00047826475268236224
DOMINANT,False,Amazon,Amazon,E-commerce,full_graph,3,0.5850903022763269,0.0018029730209290049,0.11781645689816007,0.00040062758465336644
AnomalyDAE,False,pubmed,PubMed,Citation,full_graph,3,0.7826698023283521,0.0025053999684168226,0.09873226143934012,0.001617784640412328
AnomalyDAE,False,cora,Cora,Citation,full_graph,3,0.6864616453826774,0.0007344417287754049,0.2221971029458749,0.00535851263546243
AnomalyDAE,False,citeseer,CiteSeer,Citation,full_graph,3,0.7158864057636484,0.001953579808625832,0.3438845696468004,0.00036196756291569923
AnomalyDAE,False,ACM,ACM,Citation,full_graph,3,0.6991099936433388,2.0830546609403653e-05,0.10022341756493053,1.2455754653647615e-05
AnomalyDAE,False,Flickr,Flickr,Social,full_graph,3,0.48058318388564003,0.003984583773735973,0.05915064431776601,0.00043834323006917487
AnomalyDAE,False,BlogCatalog,BlogCatalog,Social,full_graph,3,0.25758748638344225,0.0010480880401198306,0.03752909962475926,0.00011215314225827444
AnomalyDAE,False,Facebook,Facebook,Social,full_graph,3,0.6765656565656566,0.00396195140979473,0.043758363910078125,0.0019881299138443274
AnomalyDAE,False,weibo,Weibo,Social,full_graph,3,0.386225547412081,0.01653623607551442,0.08044517850932024,0.0023810065243682777
AnomalyDAE,False,Reddit,Reddit,Social,full_graph,3,0.5601444568988084,0.001627961155006768,0.037587425187689955,6.990928710648225e-05
AnomalyDAE,False,questions,Questions,Q&A,full_graph,3,0.6518044640160694,0.014374737912636019,0.06465281693771131,0.0007950461875223947
AnomalyDAE,False,YelpChi,YelpChi,E-commerce,full_graph,3,0.2759762357589679,0.0004790079244420701,0.03216672769976709,2.060339625999041e-05
AnomalyDAE,False,Amazon,Amazon,E-commerce,full_graph,3,0.575558685515668,0.041435546301034326,0.07589552494507693,0.005848551586029186
CoLA,False,pubmed,PubMed,Citation,full_graph,3,0.7484147907912098,0.00404982453645404,0.2561613063042659,0.004811048198821056
CoLA,False,cora,Cora,Citation,full_graph,3,0.6921153679089566,0.02485228614177834,0.1769111370494055,0.009154992858545164
CoLA,False,citeseer,CiteSeer,Citation,full_graph,3,0.7582499213094115,0.016674346769665924,0.23014684737072857,0.015375919604396823
CoLA,False,ACM,ACM,Citation,full_graph,3,0.5122619208658077,0.01766598873308215,0.12839210921414665,0.012889201697042092
CoLA,False,Flickr,Flickr,Social,full_graph,3,0.4141176348278102,0.0057042422479295675,0.06283299455184214,0.0021977079463016184
CoLA,False,BlogCatalog,BlogCatalog,Social,full_graph,3,0.40023533950617285,0.0012324163708079742,0.04971978797867676,0.000935953013971246
CoLA,False,Facebook,Facebook,Social,full_graph,3,0.9299242424242425,0.002994261678560169,0.2662872975789783,0.022288967020075875
CoLA,False,weibo,Weibo,Social,full_graph,3,0.1466818482990315,0.00886633282981073,0.061148886127956416,0.0012403677099713233
CoLA,False,Reddit,Reddit,Social,full_graph,3,0.5312644850600812,0.013685713224938254,0.040147446310038935,0.0025716826834410204
CoLA,False,questions,Questions,Q&A,full_graph,3,0.42962006584786416,0.003352197490526058,0.023826697803496295,0.0001834016107519171
CoLA,False,YelpChi,YelpChi,E-commerce,full_graph,3,0.4076719223168667,0.011032959318962293,0.039722173070477096,0.0007018227364797604
CoLA,False,Amazon,Amazon,E-commerce,full_graph,3,0.5529715973530894,0.00502211658820861,0.09038816586398339,0.0026637371940221484
ADA-GAD,False,pubmed,PubMed,Citation,full_graph,3,0.7075092994600501,0.005119102595049343,0.05410397573790491,0.0005548377675342534
ADA-GAD,False,cora,Cora,Citation,full_graph,3,0.6689223351576752,0.0006465913244972313,0.09343458760422348,0.0002083015414454059
ADA-GAD,False,citeseer,CiteSeer,Citation,full_graph,3,0.6728737802958765,0.0019506215868254533,0.0856985650836191,0.0005210996549844697
ADA-GAD,False,ACM,ACM,Citation,full_graph,3,0.6533511187698914,0.0009699245576673759,0.057814082937510725,0.00023015376622417304
ADA-GAD,False,Flickr,Flickr,Social,full_graph,3,0.6536238076673163,0.00018104819150521008,0.0887609936687165,2.2825986226000475e-05
ADA-GAD,False,BlogCatalog,BlogCatalog,Social,full_graph,3,0.5924475762527234,0.00018332757910797298,0.07767041868291995,4.255929729704869e-05
ADA-GAD,False,Facebook,Facebook,Social,full_graph,3,0.2887626262626262,0.011628328608265827,0.015430266160038118,0.00023081619421642715
ADA-GAD,False,weibo,Weibo,Social,full_graph,3,0.7973813569391514,0.008700843869600003,0.21726828939706955,0.009716424109660142
ADA-GAD,False,Reddit,Reddit,Social,full_graph,3,0.4445660288865764,0.027866443423645703,0.02749807492707536,0.001367064366771503
ADA-GAD,False,questions,Questions,Q&A,full_graph,3,0.48055000505582135,0.018121354106206827,0.03341540959417894,0.0028957789687225855
ADA-GAD,False,YelpChi,YelpChi,E-commerce,full_graph,3,0.49645723907236056,0.018245741638745858,0.05302644547191221,0.003556894995325292
ADA-GAD,False,Amazon,Amazon,E-commerce,full_graph,3,0.45252400094494316,0.04127760844776052,0.056491164544137905,0.004210395443730934
