rank,run_id,stage,selection_score,AUROC_mean,AUROC_std,AUPRC_mean,AUPRC_std,num_trials,num_diag_trials,H_ent_norm_mean,H_ent_norm_std,H_maxp_mean,H_maxp_std,pi_ent_norm_mean,pi_ent_norm_std,pi_std_mean,pi_std_std,effC_mean,effC_std,Lvar_mean,Lvar_std,Lvar_active_mean,Lvar_active_std,scale_adh_std_mean,scale_adh_std_std,overrides
1,comm__gain2_hard_assign,community_profile,0.9662850195486635,0.7313242585689302,0.0010637063593993527,0.2349607609797333,0.0007636205636711073,3,3,0.47100000000000003,0.0206137494567744,0.5611,0.022230159693533463,0.6806666666666666,0.010254863344882844,0.08690666666666667,0.00036533941600775576,9.756666666666666,0.3226280968683427,1.3333333333333332e-06,1.8856180831641267e-06,0.00013333333333333334,9.428090415820634e-05,1.0,0.0,"{""assignment_entropy_lower"": 0.35, ""assignment_entropy_upper"": 0.8, ""beta"": 0.02, ""cluster_init_gain"": 2.0, ""knn_k"": 20, ""lambda_E"": 0.1, ""lambda_H"": 0.35, ""lambda_bal"": 0.0, ""lambda_usage_entropy"": 0.5, ""num_clusters"": 28, ""num_hops"": 4, ""tau_c"": 0.3, ""tau_s"": 0.05, ""usage_entropy_lower"": 0.65, ""usage_entropy_upper"": 0.9}"
2,comm__gain25_lH035,community_profile,0.9660602830861758,0.7272414975339002,0.0024434798731439674,0.2388187855522755,0.004632697259990334,3,3,0.5190333333333333,0.004856153027059786,0.5446333333333334,0.0029169999809545277,0.7027333333333333,0.00832038994812679,0.08745833333333335,0.0020721520750712798,10.530000000000001,0.304302481094059,3.666666666666667e-06,1.8856180831641269e-06,0.0005666666666666667,9.428090415820633e-05,1.0,0.0,"{""assignment_entropy_lower"": 0.45, ""assignment_entropy_upper"": 0.85, ""beta"": 0.02, ""cluster_init_gain"": 2.5, ""knn_k"": 20, ""lambda_E"": 0.1, ""lambda_H"": 0.35, ""lambda_bal"": 0.0, ""lambda_usage_entropy"": 0.5, ""num_clusters"": 28, ""num_hops"": 4, ""tau_c"": 0.3, ""tau_s"": 0.05, ""usage_entropy_lower"": 0.65, ""usage_entropy_upper"": 0.9}"
3,ctrl__tau0p08,controls,0.9649859216247779,0.7278006645942637,0.003460267137727442,0.23718525703051418,0.0038924545482866063,3,3,0.5277666666666666,0.010345476735698977,0.5293333333333333,0.01516934042366011,0.7158000000000001,0.010107752800037536,0.08429333333333333,0.002512200938530904,11.0,0.37850583438920243,1.6666666666666669e-06,2.3570226039551584e-06,0.00023333333333333333,0.00032998316455372216,1.0,0.0,"{""assignment_entropy_lower"": 0.45, ""assignment_entropy_upper"": 0.85, ""beta"": 0.02, ""cluster_init_gain"": 2.0, ""knn_k"": 20, ""lambda_E"": 0.1, ""lambda_H"": 0.35, ""lambda_bal"": 0.0, ""lambda_usage_entropy"": 0.5, ""num_clusters"": 28, ""num_hops"": 4, ""tau_c"": 0.3, ""tau_s"": 0.08, ""usage_entropy_lower"": 0.65, ""usage_entropy_upper"": 0.9}"
4,comm__gain2_lH05,community_profile,0.9633346245654781,0.7267827295616732,0.0022956100363781986,0.23655189500380494,0.002003312217174803,3,3,0.5245000000000001,0.00632824356884803,0.5378999999999999,0.00290631496343164,0.7049333333333333,0.009884106209240923,0.08714899999999999,0.002154008820780451,10.6,0.33416562759605734,2e-06,2.160246899469287e-06,0.00023333333333333333,0.00020548046676563257,1.0,0.0,"{""assignment_entropy_lower"": 0.45, ""assignment_entropy_upper"": 0.85, ""beta"": 0.02, ""cluster_init_gain"": 2.0, ""knn_k"": 20, ""lambda_E"": 0.1, ""lambda_H"": 0.5, ""lambda_bal"": 0.0, ""lambda_usage_entropy"": 0.5, ""num_clusters"": 28, ""num_hops"": 4, ""tau_c"": 0.3, ""tau_s"": 0.05, ""usage_entropy_lower"": 0.65, ""usage_entropy_upper"": 0.9}"
5,graph__k16__C28__L4,graph_anchor,0.9606293237378373,0.725782324106682,0.0016197495532661117,0.23484699963115527,0.001180999714366096,3,3,0.5220333333333333,0.008923875590546713,0.5400666666666667,0.010260062811157109,0.7068,0.0033346664001066236,0.08656733333333333,0.00045888076398510803,10.673333333333332,0.1247219128924649,1.6666666666666669e-06,2.3570226039551584e-06,0.00016666666666666666,0.00023570226039551585,1.0,0.0,"{""assignment_entropy_lower"": 0.45, ""assignment_entropy_upper"": 0.85, ""beta"": 0.02, ""cluster_init_gain"": 2.0, ""knn_k"": 16, ""lambda_E"": 0.1, ""lambda_H"": 0.35, ""lambda_bal"": 0.0, ""lambda_usage_entropy"": 0.5, ""num_clusters"": 28, ""num_hops"": 4, ""tau_c"": 0.3, ""tau_s"": 0.05, ""usage_entropy_lower"": 0.65, ""usage_entropy_upper"": 0.9}"
6,beta_recal__b0p01,beta_recalibration,0.9605271087606919,0.725909969112921,0.002258530661619517,0.23461713964777084,0.0010066707591880344,3,3,0.5238333333333333,0.00789781967099499,0.5375333333333333,0.006210385566845966,0.7069333333333333,0.005180304581349953,0.086642,0.0009437863458784842,10.666666666666666,0.18803073034893972,1.3333333333333332e-06,1.8856180831641267e-06,6.666666666666667e-05,9.428090415820634e-05,1.0,0.0,"{""assignment_entropy_lower"": 0.45, ""assignment_entropy_upper"": 0.85, ""beta"": 0.01, ""cluster_init_gain"": 2.0, ""knn_k"": 20, ""lambda_E"": 0.1, ""lambda_H"": 0.35, ""lambda_bal"": 0.0, ""lambda_usage_entropy"": 0.5, ""num_clusters"": 28, ""num_hops"": 4, ""tau_c"": 0.3, ""tau_s"": 0.05, ""usage_entropy_lower"": 0.65, ""usage_entropy_upper"": 0.9}"
7,beta_recal__b0p005,beta_recalibration,0.9600544924571427,0.7249627732896347,0.002518563539423903,0.235091719167508,0.0010132289699838917,3,3,0.5274,0.006086049621881161,0.5346000000000001,0.002195449840010034,0.7097666666666668,0.005498080473118674,0.08617233333333334,0.0011206665675193293,10.766666666666666,0.20885933597094078,1.6666666666666669e-06,2.3570226039551584e-06,0.00023333333333333333,0.00020548046676563257,1.0,0.0,"{""assignment_entropy_lower"": 0.45, ""assignment_entropy_upper"": 0.85, ""beta"": 0.005, ""cluster_init_gain"": 2.0, ""knn_k"": 20, ""lambda_E"": 0.1, ""lambda_H"": 0.35, ""lambda_bal"": 0.0, ""lambda_usage_entropy"": 0.5, ""num_clusters"": 28, ""num_hops"": 4, ""tau_c"": 0.3, ""tau_s"": 0.05, ""usage_entropy_lower"": 0.65, ""usage_entropy_upper"": 0.9}"
8,ctrl__lE0p2,controls,0.9594698489211206,0.7254498834224351,0.002303276135055168,0.2340199654986855,0.0010302303704473907,3,3,0.5245666666666667,0.006086232186026301,0.5366333333333334,0.004859583887078775,0.7084333333333334,0.005017524843541403,0.086294,0.0009501045556498818,10.719999999999999,0.19026297590440486,1.3333333333333332e-06,1.8856180831641267e-06,6.666666666666667e-05,9.428090415820634e-05,1.0,0.0,"{""assignment_entropy_lower"": 0.45, ""assignment_entropy_upper"": 0.85, ""beta"": 0.02, ""cluster_init_gain"": 2.0, ""knn_k"": 20, ""lambda_E"": 0.2, ""lambda_H"": 0.35, ""lambda_bal"": 0.0, ""lambda_usage_entropy"": 0.5, ""num_clusters"": 28, ""num_hops"": 4, ""tau_c"": 0.3, ""tau_s"": 0.05, ""usage_entropy_lower"": 0.65, ""usage_entropy_upper"": 0.9}"
9,ctrl__lE0p05,controls,0.9591856445814715,0.7257440124554334,0.002025352470925493,0.23344163212603805,0.001036268870626798,3,3,0.5237333333333334,0.008610587797718715,0.5380333333333334,0.00709945224804156,0.7073999999999999,0.0033346664001066236,0.08660000000000001,0.0005497569159789307,10.683333333333332,0.12119772641798605,1.3333333333333332e-06,1.8856180831641267e-06,6.666666666666667e-05,9.428090415820634e-05,1.0,0.0,"{""assignment_entropy_lower"": 0.45, ""assignment_entropy_upper"": 0.85, ""beta"": 0.02, ""cluster_init_gain"": 2.0, ""knn_k"": 20, ""lambda_E"": 0.05, ""lambda_H"": 0.35, ""lambda_bal"": 0.0, ""lambda_usage_entropy"": 0.5, ""num_clusters"": 28, ""num_hops"": 4, ""tau_c"": 0.3, ""tau_s"": 0.05, ""usage_entropy_lower"": 0.65, ""usage_entropy_upper"": 0.9}"
10,comm__gain2_soft_assign,community_profile,0.9590905509812233,0.7252945038878478,0.00023156415955635684,0.2337960470933755,0.006565834979601133,3,3,0.6012666666666667,0.03460032112888872,0.4575,0.0461686762498847,0.7675000000000001,0.04123137963574184,0.074074,0.010227139287210281,13.416666666666666,2.1333906242307235,3e-06,2.160246899469287e-06,0.00046666666666666666,0.0005249338582674541,1.0,0.0,"{""assignment_entropy_lower"": 0.55, ""assignment_entropy_upper"": 0.9, ""beta"": 0.02, ""cluster_init_gain"": 2.0, ""knn_k"": 20, ""lambda_E"": 0.1, ""lambda_H"": 0.35, ""lambda_bal"": 0.0, ""lambda_usage_entropy"": 0.5, ""num_clusters"": 28, ""num_hops"": 4, ""tau_c"": 0.3, ""tau_s"": 0.05, ""usage_entropy_lower"": 0.65, ""usage_entropy_upper"": 0.9}"
11,baseline,baseline,0.9590124886715516,0.7254196016290194,0.0019373986923613945,0.2335928870425322,0.001126110060791377,3,3,0.5240999999999999,0.006116098974564328,0.5366,0.003253715824509964,0.7071666666666667,0.0052130178932701995,0.08656366666666666,0.0010343259748368625,10.68,0.1930457631409363,1.3333333333333332e-06,1.8856180831641267e-06,0.00013333333333333334,9.428090415820634e-05,1.0,0.0,"{""assignment_entropy_lower"": 0.45, ""assignment_entropy_upper"": 0.85, ""beta"": 0.02, ""cluster_init_gain"": 2.0, ""knn_k"": 20, ""lambda_E"": 0.1, ""lambda_H"": 0.35, ""lambda_bal"": 0.0, ""lambda_usage_entropy"": 0.5, ""num_clusters"": 28, ""num_hops"": 4, ""tau_c"": 0.3, ""tau_s"": 0.05, ""usage_entropy_lower"": 0.65, ""usage_entropy_upper"": 0.9}"
12,beta_recal__b0,beta_recalibration,0.9585900086023309,0.7230823557736893,0.0028131905530065626,0.2355076528286416,0.001249470152430762,3,3,0.5243,0.006051446108162926,0.5372666666666667,0.007349074015744363,0.7078000000000001,0.003179098404684356,0.08640866666666668,0.0005534295097139475,10.686666666666667,0.11671427600007783,1.6666666666666669e-06,2.3570226039551584e-06,0.00016666666666666666,0.00023570226039551585,1.0,0.0,"{""assignment_entropy_lower"": 0.45, ""assignment_entropy_upper"": 0.85, ""beta"": 0, ""cluster_init_gain"": 2.0, ""knn_k"": 20, ""lambda_E"": 0.1, ""lambda_H"": 0.35, ""lambda_bal"": 0.0, ""lambda_usage_entropy"": 0.5, ""num_clusters"": 28, ""num_hops"": 4, ""tau_c"": 0.3, ""tau_s"": 0.05, ""usage_entropy_lower"": 0.65, ""usage_entropy_upper"": 0.9}"
13,comm__gain2_loose_usage,community_profile,0.95821340972609,0.7263389397991968,0.0017907183283315713,0.23187446992689323,0.0065642887766045955,3,3,0.5303,0.02806706254669342,0.5078666666666667,0.05067848546364512,0.7266333333333334,0.03639325334301523,0.079755,0.01051691136535184,11.843333333333334,1.7053901476071551,6.666666666666666e-07,9.428090415820633e-07,0.00016666666666666666,0.00023570226039551585,1.0,0.0,"{""assignment_entropy_lower"": 0.45, ""assignment_entropy_upper"": 0.85, ""beta"": 0.02, ""cluster_init_gain"": 2.0, ""knn_k"": 20, ""lambda_E"": 0.1, ""lambda_H"": 0.35, ""lambda_bal"": 0.0, ""lambda_usage_entropy"": 0.25, ""num_clusters"": 28, ""num_hops"": 4, ""tau_c"": 0.3, ""tau_s"": 0.05, ""usage_entropy_lower"": 0.6, ""usage_entropy_upper"": 0.92}"
14,graph__k20__C36__L3,graph_anchor,0.9580075957613022,0.7273364856432402,0.008876300054116082,0.23067111011806207,0.007328181426023788,3,3,0.5154333333333333,0.005528913897764123,0.5288,0.005848646567084299,0.6956000000000001,0.007947746011710907,0.07663766666666667,0.001731657074083152,12.24,0.3595367389665021,2.6666666666666664e-06,3.7712361663282533e-06,0.00023333333333333333,0.00032998316455372216,1.0,0.0,"{""assignment_entropy_lower"": 0.45, ""assignment_entropy_upper"": 0.85, ""beta"": 0.02, ""cluster_init_gain"": 2.0, ""knn_k"": 20, ""lambda_E"": 0.1, ""lambda_H"": 0.35, ""lambda_bal"": 0.0, ""lambda_usage_entropy"": 0.5, ""num_clusters"": 36, ""num_hops"": 3, ""tau_c"": 0.3, ""tau_s"": 0.05, ""usage_entropy_lower"": 0.65, ""usage_entropy_upper"": 0.9}"
15,graph__k24__C36__L3,graph_anchor,0.9574542515038073,0.727167957195221,0.008881325876299629,0.2302862943085863,0.007041862507352374,3,3,0.5178666666666666,0.009017144164805643,0.5271333333333333,0.006557607964968817,0.6978333333333334,0.01049359593064056,0.07637533333333334,0.002096920970269396,12.35,0.4789572005931225,2.333333333333333e-06,3.2998316455372222e-06,0.00023333333333333333,0.00032998316455372216,1.0,0.0,"{""assignment_entropy_lower"": 0.45, ""assignment_entropy_upper"": 0.85, ""beta"": 0.02, ""cluster_init_gain"": 2.0, ""knn_k"": 24, ""lambda_E"": 0.1, ""lambda_H"": 0.35, ""lambda_bal"": 0.0, ""lambda_usage_entropy"": 0.5, ""num_clusters"": 36, ""num_hops"": 3, ""tau_c"": 0.3, ""tau_s"": 0.05, ""usage_entropy_lower"": 0.65, ""usage_entropy_upper"": 0.9}"
16,ctrl__tau0p03,controls,0.9571640771352485,0.7241795469743143,0.005298670527409482,0.2329845301609342,0.005084359424832799,3,3,0.5258999999999999,0.00374966665185054,0.5326333333333334,0.0026712460679532194,0.7063333333333333,0.002242518425540584,0.08673533333333333,0.0002455691801147345,10.646666666666667,0.08379870059984337,1.6666666666666665e-06,1.699673171197595e-06,0.00013333333333333334,9.428090415820634e-05,1.0,0.0,"{""assignment_entropy_lower"": 0.45, ""assignment_entropy_upper"": 0.85, ""beta"": 0.02, ""cluster_init_gain"": 2.0, ""knn_k"": 20, ""lambda_E"": 0.1, ""lambda_H"": 0.35, ""lambda_bal"": 0.0, ""lambda_usage_entropy"": 0.5, ""num_clusters"": 28, ""num_hops"": 4, ""tau_c"": 0.3, ""tau_s"": 0.03, ""usage_entropy_lower"": 0.65, ""usage_entropy_upper"": 0.9}"
17,comm__gain2_strict_usage,community_profile,0.9556436577319647,0.7234548980478351,0.004293242208235961,0.23218875968412958,0.0036542429920047195,3,3,0.5657,0.001675310916417205,0.5029666666666667,0.0011556623882240107,0.7437,0.00257293606605371,0.07970633333333334,0.0007232437732573666,11.963333333333333,0.10656244908763847,1.3333333333333332e-06,1.8856180831641267e-06,0.00013333333333333334,9.428090415820634e-05,1.0,0.0,"{""assignment_entropy_lower"": 0.45, ""assignment_entropy_upper"": 0.85, ""beta"": 0.02, ""cluster_init_gain"": 2.0, ""knn_k"": 20, ""lambda_E"": 0.1, ""lambda_H"": 0.35, ""lambda_bal"": 0.0, ""lambda_usage_entropy"": 0.75, ""num_clusters"": 28, ""num_hops"": 4, ""tau_c"": 0.3, ""tau_s"": 0.05, ""usage_entropy_lower"": 0.72, ""usage_entropy_upper"": 0.92}"
18,beta_recal__b0p05,beta_recalibration,0.9548346614975376,0.7241933692078288,0.0021782409761215947,0.23064129228970875,0.0013668174708624777,3,3,0.5211333333333333,0.005698147847229712,0.54,0.003287349489583783,0.7041333333333334,0.0046942044646090504,0.08723266666666667,0.00089914786820016,10.576666666666666,0.1699673171197597,1.3333333333333332e-06,1.8856180831641267e-06,6.666666666666667e-05,9.428090415820634e-05,1.0,0.0,"{""assignment_entropy_lower"": 0.45, ""assignment_entropy_upper"": 0.85, ""beta"": 0.05, ""cluster_init_gain"": 2.0, ""knn_k"": 20, ""lambda_E"": 0.1, ""lambda_H"": 0.35, ""lambda_bal"": 0.0, ""lambda_usage_entropy"": 0.5, ""num_clusters"": 28, ""num_hops"": 4, ""tau_c"": 0.3, ""tau_s"": 0.05, ""usage_entropy_lower"": 0.65, ""usage_entropy_upper"": 0.9}"
19,comm__gain2_lH025,community_profile,0.9538083252487382,0.7249185099324,0.001951405607078033,0.2288898153163381,0.0059087917547581146,3,3,0.5363,0.016446478853136548,0.503,0.04772972518951546,0.7307333333333333,0.029553153620026577,0.079214,0.009669354925054035,11.813333333333333,1.4539677514381886,1.3333333333333332e-06,1.247219128924647e-06,0.00013333333333333334,9.428090415820634e-05,1.0,0.0,"{""assignment_entropy_lower"": 0.45, ""assignment_entropy_upper"": 0.85, ""beta"": 0.02, ""cluster_init_gain"": 2.0, ""knn_k"": 20, ""lambda_E"": 0.1, ""lambda_H"": 0.25, ""lambda_bal"": 0.0, ""lambda_usage_entropy"": 0.5, ""num_clusters"": 28, ""num_hops"": 4, ""tau_c"": 0.3, ""tau_s"": 0.05, ""usage_entropy_lower"": 0.65, ""usage_entropy_upper"": 0.9}"
20,comm__soft_break,community_profile,0.9504687653713907,0.7228528857887383,0.00513509491526665,0.2276158795826524,0.006316449079739372,3,3,0.5214666666666666,0.0027402351886086024,0.5178666666666667,0.017871454582346943,0.7056666666666667,0.008704532663439716,0.085262,0.0032543307555727425,10.666666666666666,0.3103045099396538,1.3333333333333332e-06,1.247219128924647e-06,0.0002,0.0,1.0,0.0,"{""assignment_entropy_lower"": 0.45, ""assignment_entropy_upper"": 0.85, ""beta"": 0.02, ""cluster_init_gain"": 1.5, ""knn_k"": 20, ""lambda_E"": 0.1, ""lambda_H"": 0.35, ""lambda_bal"": 0.0, ""lambda_usage_entropy"": 0.35, ""num_clusters"": 28, ""num_hops"": 4, ""tau_c"": 0.3, ""tau_s"": 0.05, ""usage_entropy_lower"": 0.65, ""usage_entropy_upper"": 0.9}"
