method,dataset,n,AUROC_mean,AUROC_std,AUPRC_mean,AUPRC_std,train_seconds_mean,eval_seconds_mean
RECAP,ACM,5,0.7806212088958674,0.003508270655633456,0.3719491357361468,0.003518281396735149,25.402032672520725,0.017038411158137024
RECAP,Amazon,5,0.7288011944920979,0.00732265977989943,0.13212908676671303,0.0039315940068622565,25.402032672520725,0.017038411158137024
RECAP,BlogCatalog,5,0.730290168845316,0.005046394151037293,0.32808710385627,0.0023615072976681277,25.402032672520725,0.017038411158137024
RECAP,Facebook,5,0.5885984848484849,0.010503426569313964,0.047098893631103436,0.013147009194320873,25.402032672520725,0.017038411158137024
RECAP,Reddit,5,0.593767851683964,0.002042224365535756,0.046890278308383965,0.0006128566139943742,25.402032672520725,0.017038411158137024
RECAP,citeseer,5,0.9017003462385897,0.0032327842159215084,0.4547785276502318,0.01590215861260163,25.402032672520725,0.017038411158137024
RECAP,cora,5,0.8212603596559813,0.003220034800613644,0.40428214223894754,0.019049665055283684,25.402032672520725,0.017038411158137024
RECAP,weibo,5,0.8134548516107021,0.0068906459376951,0.34151678778825867,0.00432914447799166,25.402032672520725,0.017038411158137024
RECAP C=1,ACM,5,0.7932110986100643,0.0012728324989521047,0.3754196574193175,0.002092316869634531,22.101022489462046,0.014510126039385795
RECAP C=1,Amazon,5,0.7411067371407316,0.008283600709243924,0.1356938374598265,0.0027845936651374604,22.101022489462046,0.014510126039385795
RECAP C=1,BlogCatalog,5,0.7275738017429194,0.002061337212657863,0.33561038340395083,0.0015441329923963113,22.101022489462046,0.014510126039385795
RECAP C=1,Facebook,5,0.5826136363636364,0.007076179339840598,0.0452868932486815,0.007280343303922451,22.101022489462046,0.014510126039385795
RECAP C=1,Reddit,5,0.5950013998293443,0.00203554277109725,0.046636278609815694,0.0011442075482746396,22.101022489462046,0.014510126039385795
RECAP C=1,citeseer,5,0.9009489035777987,0.0012622345609767886,0.45432605567285284,0.00863325740549879,22.101022489462046,0.014510126039385795
RECAP C=1,cora,5,0.822837112327339,0.0031845360375284282,0.4162070317103462,0.007880605472419817,22.101022489462046,0.014510126039385795
RECAP C=1,weibo,5,0.7533302222094502,0.006420479825754867,0.306477697408089,0.0058698663081119505,22.101022489462046,0.014510126039385795
RECAP w/o Adhesion Score,ACM,5,0.684920500616846,0.018945779782671077,0.13908225996012127,0.024311155232990895,25.294209679681806,0.018910616915673018
RECAP w/o Adhesion Score,Amazon,5,0.5913256097706838,0.06429918383135398,0.08925047883755692,0.017779417918319686,25.294209679681806,0.018910616915673018
RECAP w/o Adhesion Score,BlogCatalog,5,0.6758479030501089,0.012502483459409767,0.19183358460938224,0.027263111120958465,25.294209679681806,0.018910616915673018
RECAP w/o Adhesion Score,Facebook,5,0.4983560606060606,0.03358036561749426,0.02580840605889282,0.0030631522701641913,25.294209679681806,0.018910616915673018
RECAP w/o Adhesion Score,Reddit,5,0.5224728191224923,0.011865072705353773,0.03593189076015929,0.0010069248729057327,25.294209679681806,0.018910616915673018
RECAP w/o Adhesion Score,citeseer,5,0.6009434476969888,0.036703942096642315,0.10387851891341811,0.030506850865136378,25.294209679681806,0.018910616915673018
RECAP w/o Adhesion Score,cora,5,0.5427005473025803,0.021687919032065416,0.07068245249477158,0.007971675020285205,25.294209679681806,0.018910616915673018
RECAP w/o Adhesion Score,weibo,5,0.8214813525165251,0.012420304127101725,0.303415513181728,0.01966286797512204,25.294209679681806,0.018910616915673018
RECAP w/o Context Score,ACM,5,0.7911293000113131,0.0011330855915092058,0.3707336320853809,0.003617381176030428,25.296419689059256,0.0184512933017686
RECAP w/o Context Score,Amazon,5,0.7306566421139917,0.005217006314375803,0.132195922085196,0.0030209456335405257,25.296419689059256,0.0184512933017686
RECAP w/o Context Score,BlogCatalog,5,0.7306055964052287,0.006132398129230043,0.3358318178527625,0.002593452744841339,25.296419689059256,0.0184512933017686
RECAP w/o Context Score,Facebook,5,0.5872348484848484,0.010546559285568132,0.04690119112244557,0.013285690105048369,25.296419689059256,0.0184512933017686
RECAP w/o Context Score,Reddit,5,0.5936106282042969,0.0022371970834595533,0.04697074379834152,0.0005661532146314525,25.296419689059256,0.0184512933017686
RECAP w/o Context Score,citeseer,5,0.9009749239324311,0.0028844815137071627,0.4530297568984588,0.015289931454955021,25.296419689059256,0.0184512933017686
RECAP w/o Context Score,cora,5,0.8211235340109461,0.003505306131748886,0.4040046241488523,0.017679629098227883,25.296419689059256,0.0184512933017686
RECAP w/o Context Score,weibo,5,0.6974155762447503,0.00454718666945495,0.30245507596327775,0.00847933777398774,25.296419689059256,0.0184512933017686
RECAP w/o L_H,ACM,5,0.7794430388235,0.004429746692638022,0.37161961739874083,0.003292912212043937,24.58468804433942,0.017239336238708346
RECAP w/o L_H,Amazon,5,0.7255518598609566,0.009323881123525165,0.13040719186236097,0.003415735771967278,24.58468804433942,0.017239336238708346
RECAP w/o L_H,BlogCatalog,5,0.7302739651416121,0.006135399552831129,0.3293134760407337,0.0005034134847909935,24.58468804433942,0.017239336238708346
RECAP w/o L_H,Facebook,5,0.5905833333333332,0.010384415638555142,0.048702116787521794,0.013588050609092643,24.58468804433942,0.017239336238708346
RECAP w/o L_H,Reddit,5,0.5942696030145737,0.0016250439244423905,0.0469305930722749,0.00068926591839086,24.58468804433942,0.017239336238708346
RECAP w/o L_H,citeseer,5,0.9013811772112055,0.003462427459745542,0.45308406383591004,0.014930673014051347,24.58468804433942,0.017239336238708346
RECAP w/o L_H,cora,5,0.8213828511858223,0.004022282541795979,0.4062677468824769,0.017068515131117592,24.58468804433942,0.017239336238708346
RECAP w/o L_H,weibo,5,0.8115888345605612,0.0077620319975044375,0.3399017433483124,0.004818865042913445,24.58468804433942,0.017239336238708346
RECAP w/o L_con,ACM,5,0.7906965641661656,0.0014896328469629566,0.3779141433824022,0.0009103154328080961,2.888076765742153,0.017658875952474774
RECAP w/o L_con,Amazon,5,0.7178408634814049,0.023094071850475045,0.12740938265712448,0.009277583131113855,2.888076765742153,0.017658875952474774
RECAP w/o L_con,BlogCatalog,5,0.7366300381263617,0.0011218793721500756,0.3347324678496525,0.0015625197721079777,2.888076765742153,0.017658875952474774
RECAP w/o L_con,Facebook,5,0.5775833333333333,0.008116688020743355,0.04589778894174569,0.003470529725245312,2.888076765742153,0.017658875952474774
RECAP w/o L_con,Reddit,5,0.5949609488784382,0.003928887047860001,0.04634561661882032,0.0011641330614383632,2.888076765742153,0.017658875952474774
RECAP w/o L_con,citeseer,5,0.9017196516629944,0.0012609613713515453,0.45461131552355416,0.006940649411063632,2.888076765742153,0.017658875952474774
RECAP w/o L_con,cora,5,0.8214526974198592,0.005628869607151039,0.41892927387971096,0.01106312089475579,2.888076765742153,0.017658875952474774
RECAP w/o L_con,weibo,5,0.7952218364822634,0.004215609352879412,0.32238586684206677,0.0028611287254466334,2.888076765742153,0.017658875952474774
RECAP w/o Residual,ACM,5,0.6560611222116332,0.00146137714726515,0.09941705758721102,0.001465099563131603,24.896698380634188,0.016831520234700293
RECAP w/o Residual,Amazon,5,0.57417729916943,0.007588796191336417,0.08371752162854192,0.0020122155689973826,24.896698380634188,0.016831520234700293
RECAP w/o Residual,BlogCatalog,5,0.5968636982570805,0.0017429326660714363,0.09998912917556835,0.0018019584836759636,24.896698380634188,0.016831520234700293
RECAP w/o Residual,Facebook,5,0.5220151515151514,0.013416951128856505,0.023006394683751492,0.0006441989994103672,24.896698380634188,0.016831520234700293
RECAP w/o Residual,Reddit,5,0.45089362635055225,0.0022408482561576512,0.02918063326206355,0.00017719966760198428,24.896698380634188,0.016831520234700293
RECAP w/o Residual,citeseer,5,0.301991816178785,0.0033046041728923355,0.04009351483436795,0.0026319315008852292,24.896698380634188,0.016831520234700293
RECAP w/o Residual,cora,5,0.32924420119885334,0.003963852254789845,0.047759882081583396,0.002154219917831627,24.896698380634188,0.016831520234700293
RECAP w/o Residual,weibo,5,0.8399761178187608,0.0016274237814045992,0.42490726515494537,0.0040941339755878655,24.896698380634188,0.016831520234700293
