run_id,diagnostic_points,max_lvar,mean_lvar,max_lvar_active,mean_lvar_active,log_path
baseline,33,2e-06,6.06060606060606e-07,0.0002,6.666666666666667e-05,/autodl-fs/data/recap/tuning_hyperparams/sensitivity_results/sensitivity_default_v2/logs/baseline.log
beta__0,33,2e-06,6.06060606060606e-07,0.0002,6.666666666666667e-05,/autodl-fs/data/recap/tuning_hyperparams/sensitivity_results/sensitivity_default_v2/logs/beta__0.log
beta__0p005,33,2e-06,6.06060606060606e-07,0.0002,6.666666666666667e-05,/autodl-fs/data/recap/tuning_hyperparams/sensitivity_results/sensitivity_default_v2/logs/beta__0p005.log
beta__0p01,33,2e-06,6.06060606060606e-07,0.0002,6.666666666666667e-05,/autodl-fs/data/recap/tuning_hyperparams/sensitivity_results/sensitivity_default_v2/logs/beta__0p01.log
beta__0p015,33,2e-06,6.06060606060606e-07,0.0002,6.666666666666667e-05,/autodl-fs/data/recap/tuning_hyperparams/sensitivity_results/sensitivity_default_v2/logs/beta__0p015.log
beta__0p03,33,2e-06,6.06060606060606e-07,0.0002,6.666666666666667e-05,/autodl-fs/data/recap/tuning_hyperparams/sensitivity_results/sensitivity_default_v2/logs/beta__0p03.log
beta__0p04,33,2e-06,6.06060606060606e-07,0.0002,6.666666666666667e-05,/autodl-fs/data/recap/tuning_hyperparams/sensitivity_results/sensitivity_default_v2/logs/beta__0p04.log
beta__0p05,33,2e-06,6.06060606060606e-07,0.0002,6.666666666666667e-05,/autodl-fs/data/recap/tuning_hyperparams/sensitivity_results/sensitivity_default_v2/logs/beta__0p05.log
beta__0p08,33,2e-06,6.06060606060606e-07,0.0002,6.666666666666667e-05,/autodl-fs/data/recap/tuning_hyperparams/sensitivity_results/sensitivity_default_v2/logs/beta__0p08.log
beta__0p12,33,2e-06,6.06060606060606e-07,0.0002,6.666666666666667e-05,/autodl-fs/data/recap/tuning_hyperparams/sensitivity_results/sensitivity_default_v2/logs/beta__0p12.log
cluster_init_gain__0p8,33,2e-06,6.06060606060606e-07,0.0002,6.666666666666667e-05,/autodl-fs/data/recap/tuning_hyperparams/sensitivity_results/sensitivity_default_v2/logs/cluster_init_gain__0p8.log
cluster_init_gain__1p0,33,2e-06,6.363636363636363e-07,0.0002,6.666666666666667e-05,/autodl-fs/data/recap/tuning_hyperparams/sensitivity_results/sensitivity_default_v2/logs/cluster_init_gain__1p0.log
cluster_init_gain__1p25,33,2e-06,6.363636363636363e-07,0.0002,6.666666666666667e-05,/autodl-fs/data/recap/tuning_hyperparams/sensitivity_results/sensitivity_default_v2/logs/cluster_init_gain__1p25.log
cluster_init_gain__1p75,33,2e-06,5.757575757575757e-07,0.0002,6.666666666666667e-05,/autodl-fs/data/recap/tuning_hyperparams/sensitivity_results/sensitivity_default_v2/logs/cluster_init_gain__1p75.log
cluster_init_gain__2p0,33,2e-06,5.151515151515152e-07,0.0002,6.666666666666667e-05,/autodl-fs/data/recap/tuning_hyperparams/sensitivity_results/sensitivity_default_v2/logs/cluster_init_gain__2p0.log
cluster_init_gain__2p25,33,2e-06,5.454545454545455e-07,0.0002,7.272727272727273e-05,/autodl-fs/data/recap/tuning_hyperparams/sensitivity_results/sensitivity_default_v2/logs/cluster_init_gain__2p25.log
cluster_init_gain__2p5,33,3e-06,6.96969696969697e-07,0.0002,6.666666666666667e-05,/autodl-fs/data/recap/tuning_hyperparams/sensitivity_results/sensitivity_default_v2/logs/cluster_init_gain__2p5.log
cluster_init_gain__3p0,33,3e-06,7.272727272727273e-07,0.0002,6.666666666666667e-05,/autodl-fs/data/recap/tuning_hyperparams/sensitivity_results/sensitivity_default_v2/logs/cluster_init_gain__3p0.log
cluster_init_gain__3p5,33,4e-06,7.272727272727273e-07,0.0002,6.666666666666667e-05,/autodl-fs/data/recap/tuning_hyperparams/sensitivity_results/sensitivity_default_v2/logs/cluster_init_gain__3p5.log
lambda_H__0,33,2e-06,5.151515151515152e-07,0.0002,6.666666666666667e-05,/autodl-fs/data/recap/tuning_hyperparams/sensitivity_results/sensitivity_default_v2/logs/lambda_H__0.log
lambda_H__0p025,33,2e-06,4.848484848484849e-07,0.0002,6.666666666666667e-05,/autodl-fs/data/recap/tuning_hyperparams/sensitivity_results/sensitivity_default_v2/logs/lambda_H__0p025.log
lambda_H__0p05,33,2e-06,5.151515151515152e-07,0.0002,6.666666666666667e-05,/autodl-fs/data/recap/tuning_hyperparams/sensitivity_results/sensitivity_default_v2/logs/lambda_H__0p05.log
lambda_H__0p075,33,2e-06,5.757575757575757e-07,0.0002,6.666666666666667e-05,/autodl-fs/data/recap/tuning_hyperparams/sensitivity_results/sensitivity_default_v2/logs/lambda_H__0p075.log
lambda_H__0p15,33,2e-06,6.06060606060606e-07,0.0002,6.666666666666667e-05,/autodl-fs/data/recap/tuning_hyperparams/sensitivity_results/sensitivity_default_v2/logs/lambda_H__0p15.log
lambda_H__0p2,33,3e-06,6.363636363636363e-07,0.0002,6.666666666666667e-05,/autodl-fs/data/recap/tuning_hyperparams/sensitivity_results/sensitivity_default_v2/logs/lambda_H__0p2.log
lambda_H__0p3,33,3e-06,6.96969696969697e-07,0.0002,6.666666666666667e-05,/autodl-fs/data/recap/tuning_hyperparams/sensitivity_results/sensitivity_default_v2/logs/lambda_H__0p3.log
lambda_H__0p5,33,3e-06,6.666666666666666e-07,0.0002,6.666666666666667e-05,/autodl-fs/data/recap/tuning_hyperparams/sensitivity_results/sensitivity_default_v2/logs/lambda_H__0p5.log
lambda_H__0p8,33,3e-06,7.575757575757576e-07,0.0002,6.666666666666667e-05,/autodl-fs/data/recap/tuning_hyperparams/sensitivity_results/sensitivity_default_v2/logs/lambda_H__0p8.log
num_hops__1,33,3e-06,1.515151515151515e-07,0.001,6.0606060606060605e-05,/autodl-fs/data/recap/tuning_hyperparams/sensitivity_results/sensitivity_default_v2/logs/num_hops__1.log
num_hops__10,33,1e-06,1.515151515151515e-07,0.0001,3.3333333333333335e-05,/autodl-fs/data/recap/tuning_hyperparams/sensitivity_results/sensitivity_default_v2/logs/num_hops__10.log
num_hops__12,33,1e-06,9.090909090909091e-08,0.0001,3.3333333333333335e-05,/autodl-fs/data/recap/tuning_hyperparams/sensitivity_results/sensitivity_default_v2/logs/num_hops__12.log
num_hops__14,33,1e-06,9.090909090909091e-08,0.0001,3.3333333333333335e-05,/autodl-fs/data/recap/tuning_hyperparams/sensitivity_results/sensitivity_default_v2/logs/num_hops__14.log
num_hops__2,33,2e-06,9.090909090909091e-08,0.0005,6.0606060606060605e-05,/autodl-fs/data/recap/tuning_hyperparams/sensitivity_results/sensitivity_default_v2/logs/num_hops__2.log
num_hops__3,33,2e-06,3.6363636363636366e-07,0.0003,8.181818181818182e-05,/autodl-fs/data/recap/tuning_hyperparams/sensitivity_results/sensitivity_default_v2/logs/num_hops__3.log
num_hops__5,33,2e-06,4.242424242424242e-07,0.0002,6.666666666666667e-05,/autodl-fs/data/recap/tuning_hyperparams/sensitivity_results/sensitivity_default_v2/logs/num_hops__5.log
num_hops__6,33,1e-06,6.060606060606061e-08,0.0002,1.8181818181818182e-05,/autodl-fs/data/recap/tuning_hyperparams/sensitivity_results/sensitivity_default_v2/logs/num_hops__6.log
num_hops__8,33,0.0,0.0,0.0001,3.3333333333333335e-05,/autodl-fs/data/recap/tuning_hyperparams/sensitivity_results/sensitivity_default_v2/logs/num_hops__8.log
tau_c__0p22,33,2e-06,5.454545454545455e-07,0.0002,6.666666666666667e-05,/autodl-fs/data/recap/tuning_hyperparams/sensitivity_results/sensitivity_default_v2/logs/tau_c__0p22.log
tau_c__0p25,33,2e-06,5.151515151515152e-07,0.0002,6.666666666666667e-05,/autodl-fs/data/recap/tuning_hyperparams/sensitivity_results/sensitivity_default_v2/logs/tau_c__0p25.log
tau_c__0p28,33,2e-06,4.848484848484849e-07,0.0002,6.666666666666667e-05,/autodl-fs/data/recap/tuning_hyperparams/sensitivity_results/sensitivity_default_v2/logs/tau_c__0p28.log
tau_c__0p32,33,3e-06,6.96969696969697e-07,0.0002,6.666666666666667e-05,/autodl-fs/data/recap/tuning_hyperparams/sensitivity_results/sensitivity_default_v2/logs/tau_c__0p32.log
tau_c__0p35,33,3e-06,7.272727272727273e-07,0.0002,6.666666666666667e-05,/autodl-fs/data/recap/tuning_hyperparams/sensitivity_results/sensitivity_default_v2/logs/tau_c__0p35.log
tau_c__0p38,33,2e-06,6.363636363636363e-07,0.0002,6.666666666666667e-05,/autodl-fs/data/recap/tuning_hyperparams/sensitivity_results/sensitivity_default_v2/logs/tau_c__0p38.log
tau_c__0p42,33,2e-06,6.363636363636363e-07,0.0002,6.666666666666667e-05,/autodl-fs/data/recap/tuning_hyperparams/sensitivity_results/sensitivity_default_v2/logs/tau_c__0p42.log
tau_c__0p5,33,2e-06,6.06060606060606e-07,0.0002,6.666666666666667e-05,/autodl-fs/data/recap/tuning_hyperparams/sensitivity_results/sensitivity_default_v2/logs/tau_c__0p5.log
tau_c__0p65,33,2e-06,5.757575757575757e-07,0.0002,6.666666666666667e-05,/autodl-fs/data/recap/tuning_hyperparams/sensitivity_results/sensitivity_default_v2/logs/tau_c__0p65.log
tau_s__0p03,33,1e-06,1.8181818181818183e-07,0.0002,6.666666666666667e-05,/autodl-fs/data/recap/tuning_hyperparams/sensitivity_results/sensitivity_default_v2/logs/tau_s__0p03.log
tau_s__0p05,33,2e-06,5.757575757575757e-07,0.0002,6.666666666666667e-05,/autodl-fs/data/recap/tuning_hyperparams/sensitivity_results/sensitivity_default_v2/logs/tau_s__0p05.log
tau_s__0p06,33,2e-06,5.454545454545455e-07,0.0002,6.666666666666667e-05,/autodl-fs/data/recap/tuning_hyperparams/sensitivity_results/sensitivity_default_v2/logs/tau_s__0p06.log
tau_s__0p1,33,2e-06,6.06060606060606e-07,0.0002,6.666666666666667e-05,/autodl-fs/data/recap/tuning_hyperparams/sensitivity_results/sensitivity_default_v2/logs/tau_s__0p1.log
tau_s__0p12,33,2e-06,6.06060606060606e-07,0.0002,6.666666666666667e-05,/autodl-fs/data/recap/tuning_hyperparams/sensitivity_results/sensitivity_default_v2/logs/tau_s__0p12.log
tau_s__0p15,33,2e-06,6.06060606060606e-07,0.0002,6.666666666666667e-05,/autodl-fs/data/recap/tuning_hyperparams/sensitivity_results/sensitivity_default_v2/logs/tau_s__0p15.log
tau_s__0p2,33,2e-06,6.06060606060606e-07,0.0002,6.666666666666667e-05,/autodl-fs/data/recap/tuning_hyperparams/sensitivity_results/sensitivity_default_v2/logs/tau_s__0p2.log
tau_s__0p25,33,2e-06,6.06060606060606e-07,0.0002,6.666666666666667e-05,/autodl-fs/data/recap/tuning_hyperparams/sensitivity_results/sensitivity_default_v2/logs/tau_s__0p25.log
tau_s__0p3,33,2e-06,6.06060606060606e-07,0.0002,6.666666666666667e-05,/autodl-fs/data/recap/tuning_hyperparams/sensitivity_results/sensitivity_default_v2/logs/tau_s__0p3.log
