method,dataset,n,AUROC_mean,AUROC_std,AUPRC_mean,AUPRC_std,seconds_mean
RECAP,ACM,5,0.7804728516588946,0.003810293620487568,0.3719424811694592,0.0032264032050045455,0.018135708232875913
RECAP,Amazon,5,0.7277229933824205,0.0077425918141486565,0.13165613051629466,0.004221083311956714,0.018135708232875913
RECAP,BlogCatalog,5,0.7298632216775599,0.005396794411369152,0.3279465231222525,0.002085599029312449,0.018135708232875913
RECAP,Facebook,5,0.5882954545454545,0.009431559568074305,0.04827766524479051,0.01383678838426126,0.018135708232875913
RECAP,Reddit,5,0.5938107986541054,0.0020344050270038826,0.04689451108366576,0.0007013463211681324,0.018135708232875913
RECAP,citeseer,5,0.9017005560801594,0.0034340403544860587,0.4548336713041228,0.016917873114108212,0.018135708232875913
RECAP,cora,5,0.8216656241855617,0.004072216994449096,0.4056243208558632,0.016909847351554572,0.018135708232875913
RECAP,weibo,5,0.8143819216901687,0.006061476027797999,0.3422914853736296,0.004040934760692414,0.018135708232875913
Residual + GMM,ACM,5,0.7285960234862232,0.0022820475107040894,0.19930595941033355,0.004234893642867795,8.32882857201621
Residual + GMM,Amazon,5,0.6410456771803955,0.003834725874654213,0.09963150609746163,0.0015455497759399009,5.287369602173567
Residual + GMM,BlogCatalog,5,0.4995362881263617,0.005786883962476323,0.11515810657195495,0.0029975550511187363,1.134756394661963
Residual + GMM,Facebook,5,0.49022727272727273,0.010044866064393613,0.025300867745302824,0.004747532892888394,0.25593913858756423
Residual + GMM,Reddit,5,0.5597524103311523,0.006958555345693949,0.03974282390987252,0.0015405001548412824,3.8797878747805954
Residual + GMM,citeseer,5,0.8408788164935472,0.018831101242255777,0.374718682186092,0.024449840736178167,1.264240251481533
Residual + GMM,cora,5,0.7162283033620016,0.015606375754793109,0.2511808026769142,0.02575818908796522,0.9190573440864682
Residual + GMM,weibo,5,0.8150077436719252,0.002913266944360914,0.3006479892523021,0.005525419489843442,3.702999139856547
Residual + KMeans,ACM,5,0.7628208287192451,0.001518722346017407,0.2353796776562717,0.004806699826332314,3.6663008221425115
Residual + KMeans,Amazon,5,0.7542689814644489,0.009033034895287336,0.13550083172972974,0.005516974932922994,2.208254183549434
Residual + KMeans,BlogCatalog,5,0.5504873366013072,0.003531079645841253,0.13148436327833646,0.0030554239583733,1.0553562556393445
Residual + KMeans,Facebook,5,0.4686287878787878,0.02274720590516986,0.021601224464063436,0.001620909164565831,0.2968203556723893
Residual + KMeans,Reddit,5,0.5702010813681684,0.0033677677019938604,0.03934628739933969,0.0005807676356254447,2.3645843428559603
Residual + KMeans,citeseer,5,0.8397725317385374,0.01677934594737677,0.36915963248825784,0.028725461512699318,0.8098848570138216
Residual + KMeans,cora,5,0.7227547563200418,0.009426834187854323,0.2529856180985911,0.00896065888347595,0.6578959275037051
Residual + KMeans,weibo,5,0.7564672194745553,0.002093105058539333,0.2727877780182957,0.003948092487466371,1.6071819238364697
Residual + LOF,ACM,5,0.7654554428001192,0.0,0.3360536991533101,0.0,0.35827031554654243
Residual + LOF,Amazon,5,0.44312430478625,5.551115123125783e-17,0.06162404777117144,0.0,0.2512035634368658
Residual + LOF,BlogCatalog,5,0.7039777369281046,0.0,0.3179224526962296,0.0,0.12095430670306087
Residual + LOF,Facebook,5,0.4468181818181819,5.551115123125783e-17,0.020930390424606513,0.0,0.01718577593564987
Residual + LOF,Reddit,5,0.5517765738559226,0.0,0.03862963827927322,0.0,0.2658426464535296
Residual + LOF,citeseer,5,0.4738957087399013,0.0,0.03963793136393485,0.0,0.062201894260942935
Residual + LOF,cora,5,0.7526374771957259,0.0,0.24983055786491426,0.0,0.0476366295479238
Residual + LOF,weibo,5,0.5758633750914842,0.0,0.14550736308185996,0.0,0.20896077584475278
Residual + Spectral Clustering,ACM,5,0.40391352705703465,0.006725237887461519,0.05890233299145463,0.009591061009569695,3.4445790270343424
Residual + Spectral Clustering,Amazon,5,0.617814671135414,0.030145445554003898,0.09210128519170549,0.011754055548831308,0.7999004198238253
Residual + Spectral Clustering,BlogCatalog,5,0.5161631944444445,0.01770573433801942,0.178804569502846,0.020597787419095633,2.7262432588264347
Residual + Spectral Clustering,Facebook,5,0.47631060606060605,0.02985106703182443,0.025463365555645677,0.005459449229458085,0.2550130732357502
Residual + Spectral Clustering,Reddit,5,0.5236869137571316,0.0038912339426382704,0.03300917487390866,0.0003261740506208733,1.4052142787724733
Residual + Spectral Clustering,citeseer,5,0.4875664673171755,0.012758020388567238,0.04591461609666547,0.0025963229533390764,3.79742661640048
Residual + Spectral Clustering,cora,5,0.49037998436278346,0.00595520180385755,0.05572829988612247,0.00135018681184386,2.601377698779106
Residual + Spectral Clustering,weibo,5,0.6557948834902958,0.024752698617561138,0.20673747309063767,0.01472034101940564,1.6031101319007575
